visit_date,url,timestamp,hour
2025-03-14 08:28:38,https://www.google.com/search?q=virginia+woolfs+bedroom&oq=virginia+woolfs+bedroom&gs_lcrp=EgZjaHJvbWUyBggAEEUYOTIICAEQABgWGB4yCAgCEAAYFhgeMgoIAxAAGAgYDRgeMg0IBBAAGIYDGIAEGIoFMg0IBRAAGIYDGIAEGIoFMgoIBhAAGIAEGKIEMgoIBxAAGIAEGKIEMgcICBAAGO8F0gEIMzQ5NWoxajSoAgCwAgE&sourceid=chrome&ie=UTF-8,2025-03-14 08:28:38,8
2025-03-14 08:28:50,https://www.google.com/search?sca_esv=723ced2f111b1066&sxsrf=AHTn8zo9xz-mLNwqVdldSRq2FcL7BriISw:1741966118773&q=virginia+woolf%27s+bedroom&udm=2&source=univ&fir=4JeNar_nbom9kM%252CR4RyR9YQuytZ-M%252C_%253BzD_LOeJ_1OwwlM%252C5Q2aT7Pma0am4M%252C_%253B07DK4AfcfJ9jEM%252CSPmysgrDRSm0oM%252C_%253BIXaq2zG2bYXWnM%252CHdrbNHfp_xlPHM%252C_%253BsQ-4K4OHtBw_vM%252CXRzoSu1tA-la0M%252C_%253BYmthIXWVDQd62M%252Cir-heVOvGNJhuM%252C_%253BqB2pBH3JAwN-0M%252C4AkKyP1hi1id-M%252C_%253BnweB6gP9l6GLsM%252C4NxQoge8hhMw0M%252C_%253BjlXIiTEu6jWcxM%252Cir-heVOvGNJhuM%252C_&usg=AI4_-kQ0bm0QQpg8ERMOkOZMK24A53jW-A&sa=X&ved=2ahUKEwjWheG98YmMAxXhFjQIHeeTDo4Q7Al6BAgXEAY&biw=1801&bih=981&dpr=1.33,2025-03-14 08:28:50,8
2025-03-14 08:32:57,https://www.google.com/search?sca_esv=723ced2f111b1066&sxsrf=AHTn8zo9xz-mLNwqVdldSRq2FcL7BriISw:1741966118773&q=virginia+woolf%27s+bedroom&udm=2&source=univ&fir=4JeNar_nbom9kM%252CR4RyR9YQuytZ-M%252C_%253BzD_LOeJ_1OwwlM%252C5Q2aT7Pma0am4M%252C_%253B07DK4AfcfJ9jEM%252CSPmysgrDRSm0oM%252C_%253BIXaq2zG2bYXWnM%252CHdrbNHfp_xlPHM%252C_%253BsQ-4K4OHtBw_vM%252CXRzoSu1tA-la0M%252C_%253BYmthIXWVDQd62M%252Cir-heVOvGNJhuM%252C_%253BqB2pBH3JAwN-0M%252C4AkKyP1hi1id-M%252C_%253BnweB6gP9l6GLsM%252C4NxQoge8hhMw0M%252C_%253BjlXIiTEu6jWcxM%252Cir-heVOvGNJhuM%252C_&usg=AI4_-kQ0bm0QQpg8ERMOkOZMK24A53jW-A&sa=X&ved=2ahUKEwjWheG98YmMAxXhFjQIHeeTDo4Q7Al6BAgXEAY&biw=1801&bih=981&dpr=1.33#vhid=4JeNar_nbom9kM&vssid=mosaic,2025-03-14 08:32:57,8
2025-03-14 08:33:07,https://www.google.com/search?sca_esv=723ced2f111b1066&sxsrf=AHTn8zo9xz-mLNwqVdldSRq2FcL7BriISw:1741966118773&q=virginia+woolf%27s+bedroom&udm=2&source=univ&fir=4JeNar_nbom9kM%252CR4RyR9YQuytZ-M%252C_%253BzD_LOeJ_1OwwlM%252C5Q2aT7Pma0am4M%252C_%253B07DK4AfcfJ9jEM%252CSPmysgrDRSm0oM%252C_%253BIXaq2zG2bYXWnM%252CHdrbNHfp_xlPHM%252C_%253BsQ-4K4OHtBw_vM%252CXRzoSu1tA-la0M%252C_%253BYmthIXWVDQd62M%252Cir-heVOvGNJhuM%252C_%253BqB2pBH3JAwN-0M%252C4AkKyP1hi1id-M%252C_%253BnweB6gP9l6GLsM%252C4NxQoge8hhMw0M%252C_%253BjlXIiTEu6jWcxM%252Cir-heVOvGNJhuM%252C_&usg=AI4_-kQ0bm0QQpg8ERMOkOZMK24A53jW-A&sa=X&ved=2ahUKEwjWheG98YmMAxXhFjQIHeeTDo4Q7Al6BAgXEAY&biw=1801&bih=981&dpr=1.33#vhid=f7JyvpP9R_vYCM&vssid=mosaic,2025-03-14 08:33:07,8
2025-03-14 08:33:12,https://www.google.com/search?sca_esv=723ced2f111b1066&sxsrf=AHTn8zo9xz-mLNwqVdldSRq2FcL7BriISw:1741966118773&q=virginia+woolf%27s+bedroom&udm=2&source=univ&fir=4JeNar_nbom9kM%252CR4RyR9YQuytZ-M%252C_%253BzD_LOeJ_1OwwlM%252C5Q2aT7Pma0am4M%252C_%253B07DK4AfcfJ9jEM%252CSPmysgrDRSm0oM%252C_%253BIXaq2zG2bYXWnM%252CHdrbNHfp_xlPHM%252C_%253BsQ-4K4OHtBw_vM%252CXRzoSu1tA-la0M%252C_%253BYmthIXWVDQd62M%252Cir-heVOvGNJhuM%252C_%253BqB2pBH3JAwN-0M%252C4AkKyP1hi1id-M%252C_%253BnweB6gP9l6GLsM%252C4NxQoge8hhMw0M%252C_%253BjlXIiTEu6jWcxM%252Cir-heVOvGNJhuM%252C_&usg=AI4_-kQ0bm0QQpg8ERMOkOZMK24A53jW-A&sa=X&ved=2ahUKEwjWheG98YmMAxXhFjQIHeeTDo4Q7Al6BAgXEAY&biw=1801&bih=981&dpr=1.33#vhid=8I5oHRTnXvrTjM&vssid=mosaic,2025-03-14 08:33:12,8
2025-03-14 08:33:19,https://www.google.com/search?sca_esv=723ced2f111b1066&sxsrf=AHTn8zo9xz-mLNwqVdldSRq2FcL7BriISw:1741966118773&q=virginia+woolf%27s+bedroom&udm=2&source=univ&fir=4JeNar_nbom9kM%252CR4RyR9YQuytZ-M%252C_%253BzD_LOeJ_1OwwlM%252C5Q2aT7Pma0am4M%252C_%253B07DK4AfcfJ9jEM%252CSPmysgrDRSm0oM%252C_%253BIXaq2zG2bYXWnM%252CHdrbNHfp_xlPHM%252C_%253BsQ-4K4OHtBw_vM%252CXRzoSu1tA-la0M%252C_%253BYmthIXWVDQd62M%252Cir-heVOvGNJhuM%252C_%253BqB2pBH3JAwN-0M%252C4AkKyP1hi1id-M%252C_%253BnweB6gP9l6GLsM%252C4NxQoge8hhMw0M%252C_%253BjlXIiTEu6jWcxM%252Cir-heVOvGNJhuM%252C_&usg=AI4_-kQ0bm0QQpg8ERMOkOZMK24A53jW-A&sa=X&ved=2ahUKEwjWheG98YmMAxXhFjQIHeeTDo4Q7Al6BAgXEAY&biw=1801&bih=981&dpr=1.33#vhid=PdDuPqjB5gOcLM&vssid=mosaic,2025-03-14 08:33:19,8
2025-03-14 08:33:33,https://www.google.com/search?sca_esv=723ced2f111b1066&sxsrf=AHTn8zo9xz-mLNwqVdldSRq2FcL7BriISw:1741966118773&q=virginia+woolf%27s+bedroom&udm=2&source=univ&fir=4JeNar_nbom9kM%252CR4RyR9YQuytZ-M%252C_%253BzD_LOeJ_1OwwlM%252C5Q2aT7Pma0am4M%252C_%253B07DK4AfcfJ9jEM%252CSPmysgrDRSm0oM%252C_%253BIXaq2zG2bYXWnM%252CHdrbNHfp_xlPHM%252C_%253BsQ-4K4OHtBw_vM%252CXRzoSu1tA-la0M%252C_%253BYmthIXWVDQd62M%252Cir-heVOvGNJhuM%252C_%253BqB2pBH3JAwN-0M%252C4AkKyP1hi1id-M%252C_%253BnweB6gP9l6GLsM%252C4NxQoge8hhMw0M%252C_%253BjlXIiTEu6jWcxM%252Cir-heVOvGNJhuM%252C_&usg=AI4_-kQ0bm0QQpg8ERMOkOZMK24A53jW-A&sa=X&ved=2ahUKEwjWheG98YmMAxXhFjQIHeeTDo4Q7Al6BAgXEAY&biw=1801&bih=981&dpr=1.33#vhid=YmthIXWVDQd62M&vssid=mosaic,2025-03-14 08:33:33,8
2025-03-14 08:33:40,https://www.google.com/url?sa=i&url=https%3A%2F%2Fwww.vulture.com%2F2019%2F01%2Fa-brilliant-new-memoir-channels-virginia-woolf.html&psig=AOvVaw0b1LQrx2sKo3iWhXxVNTFJ&ust=1742052532555000&source=images&cd=vfe&opi=89978449&ved=0CBQQjRxqFwoTCIDMqrnyiYwDFQAAAAAdAAAAABAj,2025-03-14 08:33:40,8
2025-03-14 08:33:40,https://www.vulture.com/2019/01/a-brilliant-new-memoir-channels-virginia-woolf.html,2025-03-14 08:33:40,8
2025-03-14 08:34:15,https://chat.openai.com/chat,2025-03-14 08:34:15,8
2025-03-14 08:34:15,https://chatgpt.com/chat,2025-03-14 08:34:15,8
2025-03-14 08:34:15,https://chatgpt.com/,2025-03-14 08:34:15,8
2025-03-14 08:34:48,https://chatgpt.com/c/67d44c93-fa94-800e-ae0d-9ca8d8a44b42,2025-03-14 08:34:48,8
2025-03-14 08:35:18,https://www.google.com/search?q=coloring+page+from+photo&oq=coloring+page+from+&gs_lcrp=EgZjaHJvbWUqBwgBEAAYgAQyBggAEEUYOTIHCAEQABiABDIHCAIQABiABDIHCAMQABiABDIICAQQABgWGB4yCAgFEAAYFhgeMggIBhAAGBYYHjIICAcQABgWGB4yCAgIEAAYFhgeMggICRAAGBYYHtIBCDUxODlqMWo3qAIAsAIA&sourceid=chrome&ie=UTF-8,2025-03-14 08:35:18,8
2025-03-14 08:35:25,https://www.crayola.com/featured/ColorCamera,2025-03-14 08:35:25,8
2025-03-14 08:35:42,https://www.google.com/url?sa=i&url=https%3A%2F%2Fwww.vulture.com%2F2019%2F01%2Fa-brilliant-new-memoir-channels-virginia-woolf.html&psig=AOvVaw0b1LQrx2sKo3iWhXxVNTFJ&ust=1742052532555000&source=images&cd=vfe&opi=89978449&ved=0CBQQjRxqFwoTCIDMqrnyiYwDFQAAAAAdAAAAABAj,2025-03-14 08:35:42,8
2025-03-14 08:35:42,https://www.vulture.com/2019/01/a-brilliant-new-memoir-channels-virginia-woolf.html,2025-03-14 08:35:42,8
2025-03-14 08:36:09,https://www.google.com/search?q=coloring+page+from+photo&oq=coloring+page+from+&gs_lcrp=EgZjaHJvbWUqBwgBEAAYgAQyBggAEEUYOTIHCAEQABiABDIHCAIQABiABDIHCAMQABiABDIICAQQABgWGB4yCAgFEAAYFhgeMggIBhAAGBYYHjIICAcQABgWGB4yCAgIEAAYFhgeMggICRAAGBYYHtIBCDUxODlqMWo3qAIAsAIA&sourceid=chrome&ie=UTF-8,2025-03-14 08:36:09,8
2025-03-14 08:36:21,https://www.reddit.com/r/ChatGPTPromptGenius/comments/17ufj1v/prompt_or_gpt_to_convert_photo_to_accurate/,2025-03-14 08:36:21,8
2025-03-14 08:36:21,https://www.reddit.com/r/ChatGPTPromptGenius/comments/17ufj1v/prompt_or_gpt_to_convert_photo_to_accurate/?rdt=56876,2025-03-14 08:36:21,8
2025-03-14 08:36:31,https://dreamandcolor.com/,2025-03-14 08:36:31,8
2025-03-14 08:36:38,https://dreamandcolor.com/,2025-03-14 08:36:38,8
2025-03-14 08:36:38,https://dreamandcolor.com/create/,2025-03-14 08:36:38,8
2025-03-14 08:36:43,https://dreamandcolor.com/,2025-03-14 08:36:43,8
2025-03-14 08:36:50,https://www.google.com/search?q=coloring+page+from+photo&oq=coloring+page+from+&gs_lcrp=EgZjaHJvbWUqBwgBEAAYgAQyBggAEEUYOTIHCAEQABiABDIHCAIQABiABDIHCAMQABiABDIICAQQABgWGB4yCAgFEAAYFhgeMggIBhAAGBYYHjIICAcQABgWGB4yCAgIEAAYFhgeMggICRAAGBYYHtIBCDUxODlqMWo3qAIAsAIA&sourceid=chrome&ie=UTF-8,2025-03-14 08:36:50,8
2025-03-14 08:36:54,https://mimi-panda.com/coloring-page-online/,2025-03-14 08:36:54,8
2025-03-14 08:36:56,https://mimi-panda.com/coloring-page-online/#image-comparison-form,2025-03-14 08:36:56,8
2025-03-14 08:37:02,https://mimi-panda.com/coloring-page-online/#image-comparison-form,2025-03-14 08:37:02,8
2025-03-14 08:38:16,https://mimi-panda.com/your-coloring/?c=ea89f88442e6130a92e68ba4478a4196,2025-03-14 08:38:16,8
2025-03-14 08:39:09,https://gmail.com/,2025-03-14 08:39:09,8
2025-03-14 08:39:09,https://mail.google.com/mail/u/0/,2025-03-14 08:39:09,8
2025-03-14 08:39:09,https://mail.google.com/mail/u/0/#inbox,2025-03-14 08:39:09,8
2025-03-14 08:39:35,https://api.mimi-panda.com/storage/colpages/coloring-ea89f88442e6130a92e68ba4478a4196.jpg,2025-03-14 08:39:35,8
2025-03-14 08:40:37,https://www.usatoday.com/,2025-03-14 08:40:37,8
2025-03-14 08:40:56,https://hp.taboola.com/usatodaydemo/log/3/click?pi=%2F&ri=655586394470ef26ed0f69c040337cce&sd=v2_48c287e1ef19b38e8084131d9f7deeb2_684b2dba-10ed-4c7e-9e6c-cc0c35f842b3-tuctb1160a1_1741966837_1741966840_CIi3jgYQkAkYn43CqtkyIAEoAzDhATiRpA5A2-0PSNjY2ANQswZYAGCgH2jstY-rt9617aIBcAGAAQA&ui=684b2dba-10ed-4c7e-9e6c-cc0c35f842b3-tuctb1160a1&ii=~~V1~~-2308981199368380269~~3unTpk5VaBA729vWUD3b-g&it=text&pt=home&li=rbox-h2v&sig=e89e1ae458a14588a79fb9869b137018a418f1b960ec&vi=1741966837407&lti=trecs&r=676&tvi2=24189&tvi48=14790&tvi50=16335&tvi61=24234&tvi62=18148&ppb=CJYH&cpb=EhIyMDI1MDMxMy03LVJFTEVBU0UYjwEgnP__________ASoZY2gudGFib29sYXN5bmRpY2F0aW9uLmNvbTIIdHJjODAzNzc4gKLTvgRAkaQOSNvtD1DY2NgDWLMGYwixlgEQ_bwBGAJkYwjXFhDVHxgjZGMIn5ABEM-1ARgkZGMI0gMQ4AYYCGRjCKQnEIM1GC9kYwiFQhCpVxgPZGMI01cQxnMYMGRjCI1aEM9_GDJkYwjKLhCRPhgzZGMI8iQQ65EBGBRkYwi7aBDBhwEYFmRjCJYUEJkcGBhkYwiohQEQ7agBGDpkYwjGThD9Zxg8ZGMIzpYBEKq9ARg9ZGMIg24Q5I0BGD5kYwj0FBCeHRgfZHgBgAGN2wGIAZ_226sFkAEXmAHRpcKq2TLbAQo4eS1hdjhIcTZoRzJ1Sllpc19Nc3FMdDJZYlNXdVdOWjAxNG9td0VaLkh2VmQzdk12WTFPdy0tLUEQAdwB&cv=20250313-7-RELEASE&route=LA%3ACH%3AV&pc=1&url=https%3A%2F%2Fwww.usatoday.com%2Fstory%2Fnews%2Fpolitics%2F2025%2F03%2F14%2Fjd-vance-booed-kennedy-center%2F82400953007%2F%3Ftbref%3Dhp,2025-03-14 08:40:56,8
2025-03-14 08:40:56,https://www.usatoday.com/story/news/politics/2025/03/14/jd-vance-booed-kennedy-center/82400953007/?tbref=hp,2025-03-14 08:40:56,8
2025-03-14 08:41:01,https://www.usatoday.com/,2025-03-14 08:41:01,8
2025-03-14 08:41:07,https://hp.taboola.com/usatodaydemo/log/3/click?pi=%2F&ri=3380c0687ca0bf366bab08de23719e5e&sd=v2_48c287e1ef19b38e8084131d9f7deeb2_684b2dba-10ed-4c7e-9e6c-cc0c35f842b3-tuctb1160a1_1741966837_1741966865_CIi3jgYQkAkYh8nDqtkyIAMoAzDhATiRpA5A2-0PSNjY2ANQswZYAGCgH2jstY-rt9617aIBcAGAAQA&ui=684b2dba-10ed-4c7e-9e6c-cc0c35f842b3-tuctb1160a1&ii=~~V1~~-8521128490431268214~~Qt7WwQmygGqLRLOrQqbBng&it=text&pt=home&li=rbox-h2v&sig=1a8df585d95c99449eaaa2346588be50a7a0d0736b4e&vi=1741966861447&lti=trecs&r=494&tvi2=24189&tvi48=14790&tvi50=16335&tvi61=24234&tvi62=18148&ppb=CJsC&cpb=EhIyMDI1MDMxMy03LVJFTEVBU0UYjwEgnP__________ASoZY2gudGFib29sYXN5bmRpY2F0aW9uLmNvbTIIdHJjODAzODg4gKLTvgRAkaQOSNvtD1DY2NgDWLMGYwixlgEQ_bwBGAJkYwjXFhDVHxgjZGMIn5ABEM-1ARgkZGMI0gMQ4AYYCGRjCIVCEKlXGA9kYwikJxCDNRgvZGMI01cQxnMYMGRjCI1aEM9_GDJkYwjKLhCRPhgzZGMI8iQQ65EBGBRkYwi7aBDBhwEYFmRjCJYUEJkcGBhkYwiohQEQ7agBGDpkYwjGThD9Zxg8ZGMIzpYBEKq9ARg9ZGMIg24Q5I0BGD5kYwj0FBCeHRgfZHgBgAGN2wGIAZ_226sFkAEXmAGB6sOq2TLbAQo4eS1hdjhIcTZoRzJ1Sllpc19Nc3FMdDJZYlNXdVdOWjAxNG9td0VaLkh2VmQzdk12WTFPdy0tLUEQAdwB&cv=20250313-7-RELEASE&route=LA%3ACH%3AV&pc=1&url=https%3A%2F%2Fwww.usatoday.com%2Fstory%2Fnews%2Fnation%2F2025%2F03%2F14%2Fcolumbia-university-trump-administration-federal-funding%2F82389969007%2F%3Ftbref%3Dhp,2025-03-14 08:41:07,8
2025-03-14 08:41:07,https://www.usatoday.com/story/news/nation/2025/03/14/columbia-university-trump-administration-federal-funding/82389969007/?tbref=hp,2025-03-14 08:41:07,8
2025-03-14 08:42:56,file:///Users/skylardeture/Library/Jupyter/runtime/jpserver-12640-open.html,2025-03-14 08:42:56,8
2025-03-14 08:42:57,http://localhost:8889/tree?token=330eb5adc2911ec7eb256fc08cec2798f98b4507c2e3d064,2025-03-14 08:42:57,8
2025-03-14 08:42:57,http://localhost:8889/tree,2025-03-14 08:42:57,8
2025-03-14 08:43:12,https://chatgpt.com/c/67d3b209-7d08-800e-86ee-2bd7bdcb0d57,2025-03-14 08:43:12,8
2025-03-14 08:43:31,https://chatgpt.com/c/67d30e6c-1e58-800e-bc49-e719f6344224,2025-03-14 08:43:31,8
2025-03-14 08:45:12,https://chatgpt.com/c/67d3af53-8868-800e-82eb-31db6958b8be,2025-03-14 08:45:12,8
2025-03-14 08:45:50,https://chatgpt.com/?model=o1-pro,2025-03-14 08:45:50,8
2025-03-14 08:45:53,https://chatgpt.com/?model=o3-mini-high,2025-03-14 08:45:53,8
2025-03-14 08:49:45,https://chatgpt.com/c/67d45018-5674-800e-ba0b-f5f541d22bff,2025-03-14 08:49:45,8
2025-03-14 08:50:03,http://localhost:8889/tree/Documents,2025-03-14 08:50:03,8
2025-03-14 08:50:08,http://localhost:8889/tree/Documents/Psychotherapy%20texts,2025-03-14 08:50:08,8
2025-03-14 08:50:09,http://localhost:8889/tree/Documents/Psychotherapy%20texts/ocr_markdown_outputs,2025-03-14 08:50:09,8
2025-03-14 08:51:38,http://localhost:8889/tree/Documents/Psychotherapy%20texts,2025-03-14 08:51:38,8
2025-03-14 08:51:39,http://localhost:8889/notebooks/Documents/Psychotherapy%20texts/OCR%20Code%20using%20Mistral.ipynb,2025-03-14 08:51:39,8
2025-03-14 08:53:35,https://www.google.com/search?q=chatgpt+pro+operator&oq=chatGPT+pro+operator&gs_lcrp=EgZjaHJvbWUqBwgAEAAYgAQyBwgAEAAYgAQyBwgBEAAYgAQyCggCEAAYgAQYogQyCggDEAAYgAQYogQyCggEEAAYgAQYogQyCggFEAAYgAQYogTSAQg0Nzk0ajFqN6gCALACAA&sourceid=chrome&ie=UTF-8,2025-03-14 08:53:35,8
2025-03-14 08:53:40,https://openai.com/index/introducing-operator/,2025-03-14 08:53:40,8
2025-03-14 08:53:41,https://operator.chatgpt.com/,2025-03-14 08:53:41,8
2025-03-14 08:53:43,https://www.youtube.com/watch?v=A3AsVAZ7wIs,2025-03-14 08:53:43,8
2025-03-14 08:53:46,https://www.youtube.com/watch?v=Zyqv4c9uLr4,2025-03-14 08:53:46,8
2025-03-14 08:54:23,https://www.google.com/search?q=chatgpt+pro+operator+prompt+guide&sca_esv=723ced2f111b1066&sxsrf=AHTn8zrmkHB-wQjTZ_ACkj-ZqGZqIX8_Aw%3A1741967615740&ei=_1DUZ_XzLJ670PEPtJvN6AY&ved=0ahUKEwi178iH94mMAxWeHTQIHbRNE20Q4dUDCBA&uact=5&oq=chatgpt+pro+operator+prompt+guide&gs_lp=Egxnd3Mtd2l6LXNlcnAiIWNoYXRncHQgcHJvIG9wZXJhdG9yIHByb21wdCBndWlkZTIFECEYoAEyBRAhGKABMgUQIRigATIFECEYoAEyBRAhGKABSIYdUO8FWIYccAF4AJABAJgBhQGgAagKqgEDNy42uAEDyAEA-AEBmAIHoALsBMICCBAAGIAEGLADwgIOEAAYgAQYsAMYhgMYigXCAgsQABiABBiwAxiiBMICBRAAGIAEwgILEAAYgAQYhgMYigXCAggQABiABBiiBMICBRAhGKsCmAMAiAYBkAYIkgcDNC4zoAeWGw&sclient=gws-wiz-serp,2025-03-14 08:54:23,8
2025-03-14 08:54:26,https://www.youtube.com/watch?v=Mo6ZZLvAJIA,2025-03-14 08:54:26,8
2025-03-14 08:54:42,https://www.google.com/search?q=chatgpt+pro+operator+prompt+engineering&sca_esv=723ced2f111b1066&sxsrf=AHTn8zpVmUPArhB7R2FdwsY5_aEDDh82zQ%3A1741967663980&ei=L1HUZ-zFO63F0PEPja3-sAY&ved=0ahUKEwismcme94mMAxWtIjQIHY2WH2YQ4dUDCBA&uact=5&oq=chatgpt+pro+operator+prompt+engineering&gs_lp=Egxnd3Mtd2l6LXNlcnAiJ2NoYXRncHQgcHJvIG9wZXJhdG9yIHByb21wdCBlbmdpbmVlcmluZzIFECEYoAEyBRAhGKABMgUQIRifBTIFECEYnwUyBRAhGJ8FMgUQIRifBTIFECEYnwUyBRAhGJ8FMgUQIRifBTIFECEYnwVIoRlQug5Y9xdwBngBkAEAmAF-oAGoB6oBBDEwLjG4AQPIAQD4AQGYAhCgArQHwgIKEAAYsAMY1gQYR5gDAIgGAZAGCJIHBDE0LjKgB_9u&sclient=gws-wiz-serp,2025-03-14 08:54:42,8
2025-03-14 08:54:49,https://www.google.com/search?q=chatgpt+operator+prompt+engineering&sca_esv=723ced2f111b1066&sxsrf=AHTn8zrC-fToZ7fIm9HumbQBfGfmBhRMBQ%3A1741967682529&ei=QlHUZ4uIIO2I0PEP2MnOiAs&ved=0ahUKEwiLsbWn94mMAxVtBDQIHdikE7EQ4dUDCBA&uact=5&oq=chatgpt+operator+prompt+engineering&gs_lp=Egxnd3Mtd2l6LXNlcnAiI2NoYXRncHQgb3BlcmF0b3IgcHJvbXB0IGVuZ2luZWVyaW5nMggQABiABBiiBDIIEAAYgAQYogQyCBAAGIAEGKIESIIPULgJWLgJcAR4AZABAJgBS6ABS6oBATG4AQPIAQD4AQGYAgWgAl7CAgoQABiwAxjWBBhHmAMAiAYBkAYIkgcBNaAHuQI&sclient=gws-wiz-serp,2025-03-14 08:54:49,8
2025-03-14 08:54:52,https://www.google.com/search?q=openAI+operator+prompt+engineering&sca_esv=723ced2f111b1066&sxsrf=AHTn8zpijxbCKVFzey5HFli619UG-E5kTw%3A1741967689171&ei=SVHUZ7ONCrry0PEP0IKFgAQ&ved=0ahUKEwjz1cqq94mMAxU6OTQIHVBBAUAQ4dUDCBA&uact=5&oq=openAI+operator+prompt+engineering&gs_lp=Egxnd3Mtd2l6LXNlcnAiIm9wZW5BSSBvcGVyYXRvciBwcm9tcHQgZW5naW5lZXJpbmcyCBAAGIAEGKIEMggQABiABBiiBDIIEAAYgAQYogRI2RJQ9ghYgBBwAngBkAEAmAFzoAHyA6oBAzUuMbgBA8gBAPgBAZgCCKACkATCAgoQABiwAxjWBBhHwgIFEAAY7wXCAggQIRigARjDBMICChAhGKABGMMEGAqYAwCIBgGQBgiSBwM3LjGgB_MO&sclient=gws-wiz-serp,2025-03-14 08:54:52,8
2025-03-14 08:54:58,https://www.google.com/search?q=operator+prompt+engineering&sca_esv=723ced2f111b1066&sxsrf=AHTn8zqvMQH2VhJa2ZIVgNAF5-c48tES0Q%3A1741967692895&ei=TFHUZ4uvNvTD0PEPp8vW-A0&ved=0ahUKEwiLha6s94mMAxX0ITQIHaelFd8Q4dUDCBA&uact=5&oq=operator+prompt+engineering&gs_lp=Egxnd3Mtd2l6LXNlcnAiG29wZXJhdG9yIHByb21wdCBlbmdpbmVlcmluZzIIEAAYgAQYogQyCBAAGIAEGKIESJIVUJsIWJsIcAJ4AZABAJgBa6ABa6oBAzAuMbgBA8gBAPgBAZgCA6ACeMICChAAGLADGNYEGEeYAwCIBgGQBgiSBwMyLjGgB-AB&sclient=gws-wiz-serp,2025-03-14 08:54:58,8
2025-03-14 08:55:02,https://www.google.com/search?sca_esv=723ced2f111b1066&sxsrf=AHTn8zozWCK4BCzZyf5FQ3aMy8YfBoFfSw:1741967698852&q=operator+prompt+engineering&nirf=openai+prompt+engineering&sa=X&ved=2ahUKEwjfy5mv94mMAxXbHzQIHTLwGQ8Q8BYoAXoECAkQAg&biw=1801&bih=981&dpr=1.33,2025-03-14 08:55:02,8
2025-03-14 08:55:16,https://www.google.com/search?q=operator+prompt+engineering&sca_esv=723ced2f111b1066&nirf=openai+prompt+engineering&sxsrf=AHTn8zoMwwPgoJdOBXYECy0b1W7z-jh7EQ:1741967702727&source=lnt&tbs=qdr:m&sa=X&ved=2ahUKEwiOkYax94mMAxXYBDQIHVDeOUMQpwV6BAgEEAo&biw=1801&bih=981&dpr=1.33,2025-03-14 08:55:16,8
2025-03-14 08:55:22,https://www.reddit.com/r/ChatGPTPromptGenius/comments/1iv6wa3/my_operator_prompt_for_data_gathering/,2025-03-14 08:55:22,8
2025-03-14 08:55:45,https://www.usaii.org/ai-insights/chatgpts-operator-mode-a-significant-step-toward-agi-in-2025,2025-03-14 08:55:45,8
2025-03-14 08:55:46,https://www.google.com/search?q=operator+prompt+engineering&sca_esv=723ced2f111b1066&nirf=openai+prompt+engineering&tbs=qdr:m&sxsrf=AHTn8zqKackNSNxuw48rXVWzi2zPaYFvYQ:1741967716800&ei=ZFHUZ6K6MNTu0PEP0NrJqQo&start=10&sa=N&sstk=Af40H4VTginkTpIrqgt7b4vJmHJl1XYJ5LmnycxBTR17ktjXoILoUzV8RRzySsitdmlvRoFiz4ApOf5hqwUwSq3iHjncWyBpoAE3sg&ved=2ahUKEwii_OC394mMAxVUNzQIHVBtMqUQ8NMDegQICBAW&biw=1801&bih=981&dpr=1.33,2025-03-14 08:55:46,8
2025-03-14 08:56:06,https://www.google.com/search?q=chatgpt+pro+operator&sca_esv=723ced2f111b1066&biw=1801&bih=981&tbs=qdr%3Am&sxsrf=AHTn8zrg43cWcTYxtKNt6-7u-bH6h-vxYg%3A1741967746718&ei=glHUZ9HEK-rh0PEPsIL18QU&oq=&gs_lp=Egxnd3Mtd2l6LXNlcnAiACoCCAEyBxAjGCcY6gIyBxAjGCcY6gIyDRAjGPAFGCcYyQIY6gIyBxAjGCcY6gIyBxAjGCcY6gIyBxAjGCcY6gIyBxAjGCcY6gIyBxAjGCcY6gIyBxAjGCcY6gIyBxAjGCcY6gIyFBAAGIAEGJECGLQCGIoFGOoC2AEBMhQQABiABBiRAhi0AhiKBRjqAtgBATIUEAAYgAQYkQIYtAIYigUY6gLYAQEyFBAAGIAEGJECGLQCGIoFGOoC2AEBMhQQABiABBiRAhi0AhiKBRjqAtgBATIdEC4YgAQY4wQYtAIYxwEYyAMY6QQY6gIYrwHYAQEyFxAuGIAEGOMEGLQCGMgDGOkEGOoC2AEBSOo7UM4pWM4pcAZ4AZABAJgBAKABAKoBALgBAcgBAPgBAZgCBqACJKgCEcICChAAGLADGNYEGEeYAwnxBaLd1ohQ2jzPiAYBkAYIugYGCAEQARgBkgcBNqAHAA&sclient=gws-wiz-serp,2025-03-14 08:56:06,8
2025-03-14 08:56:08,https://www.google.com/search?q=chatgpt+pro+operator+limita&sca_esv=723ced2f111b1066&biw=1801&bih=981&tbs=qdr%3Am&sxsrf=AHTn8zp2iZpYrMknOV-xX7smGXkupHejmA%3A1741967766082&ei=llHUZ7PcBJv70PEP84DmkQQ&ved=0ahUKEwiz_6DP94mMAxWbPTQIHXOAOUIQ4dUDCBA&uact=5&oq=chatgpt+pro+operator+limita&gs_lp=Egxnd3Mtd2l6LXNlcnAiG2NoYXRncHQgcHJvIG9wZXJhdG9yIGxpbWl0YTIFECEYoAFI7wtQ-AFYvgpwAXgAkAEAmAFWoAGVBKoBATe4AQPIAQD4AQGYAgigArEEwgIHECMYsAMYJ8ICCBAAGIAEGLADwgINEAAYgAQYsAMYFBiHAsICDhAAGIAEGLADGIYDGIoFwgIIEAAYsAMY7wXCAgsQABiABBiwAxiiBMICBBAjGCfCAgUQABiABMICCxAAGIAEGIYDGIoFwgIFEAAY7wXCAggQABiABBiiBMICBRAhGKsCwgIFECEYnwWYAwCIBgGQBgmSBwE4oAe-Gg&sclient=gws-wiz-serp,2025-03-14 08:56:08,8
2025-03-14 08:56:10,https://www.google.com/search?sca_esv=723ced2f111b1066&tbs=qdr:m&sxsrf=AHTn8zpDqX4V2SXGV4jCWYUP3_6Cb0ulyQ:1741967768234&q=chatbot+pro+operator+limit&spell=1&sa=X&ved=2ahUKEwjhr6TQ94mMAxWDADQIHfCfAN4QBSgAegQICxAB&biw=1801&bih=981&dpr=1.33,2025-03-14 08:56:10,8
2025-03-14 08:56:19,https://www.reddit.com/r/OpenAI/comments/1j4h8b9/confirmed_by_openai_employee_the_rate_limit_of/,2025-03-14 08:56:19,8
2025-03-14 08:56:25,https://www.google.com/search?sca_esv=723ced2f111b1066&tbs=qdr:m&sxsrf=AHTn8zpDqX4V2SXGV4jCWYUP3_6Cb0ulyQ:1741967768234&q=chatbot+pro+operator+limit&spell=1&sa=X&ved=2ahUKEwjhr6TQ94mMAxWDADQIHfCfAN4QBSgAegQICxAB&biw=1801&bih=981&dpr=1.33,2025-03-14 08:56:25,8
2025-03-14 08:56:34,https://affiliatemarketingdude.com/20000-chatgpt-agents-side-hustle/,2025-03-14 08:56:34,8
2025-03-14 08:56:39,https://dev.to/prajwalnayak/chatgpt-operator-limitations-81g,2025-03-14 08:56:39,8
2025-03-14 08:56:44,https://www.google.com/search?q=chatbot+pro+operator+limit+&sca_esv=723ced2f111b1066&biw=1801&bih=981&tbs=qdr%3Am&sxsrf=AHTn8zrsEcysY-dx73gxP5LnEp2FyGmzsw%3A1741967770765&ei=mlHUZ6ixLonh0PEPgPH0qQw&ved=0ahUKEwio5r7R94mMAxWJMDQIHYA4PcUQ4dUDCBA&uact=5&oq=chatbot+pro+operator+limit+&gs_lp=Egxnd3Mtd2l6LXNlcnAiG2NoYXRib3QgcHJvIG9wZXJhdG9yIGxpbWl0IDIFECEYoAEyBRAhGKABMgUQIRigATIFECEYoAEyBRAhGKABSMkiUNwKWNwKcAF4AJABAJgBhgGgAbEBqgEDMS4xuAEDyAEA-AEBmAICoAKNAcICChAAGLADGNYEGEeYAwCIBgGQBgiSBwMxLjGgB84L&sclient=gws-wiz-serp,2025-03-14 08:56:44,8
2025-03-14 08:58:31,https://openai.com/index/sora-system-card/,2025-03-14 08:58:31,8
2025-03-14 08:58:45,https://www.google.com/search?q=sora+prompting&oq=sora+prompting&gs_lcrp=EgZjaHJvbWUyBggAEEUYOTIMCAEQABgUGIcCGIAEMgcIAhAAGIAEMgoIAxAAGIAEGKIEMgoIBBAAGIAEGKIEMgoIBRAAGKIEGIkFMgcIBhAAGO8FMgoIBxAAGIAEGKIE0gEIMjExMWoxajSoAgCwAgE&sourceid=chrome&ie=UTF-8,2025-03-14 08:58:45,8
2025-03-14 08:58:48,https://www.reddit.com/r/OpenAI/comments/1hbed8s/sora_analysis_32_experiments_what_works_what/,2025-03-14 08:58:48,8
2025-03-14 08:59:26,https://www.google.com/search?q=to+the+lighthouse+full+text&oq=to+the+light+house+full+tex&gs_lcrp=EgZjaHJvbWUqCQgBEAAYDRiABDIGCAAQRRg5MgkIARAAGA0YgAQyCQgCEAAYDRiABNIBCTE0NDkyajFqNKgCALACAA&sourceid=chrome&ie=UTF-8,2025-03-14 08:59:26,8
2025-03-14 08:59:29,https://web.english.upenn.edu/~cavitch/pdf-library/Woolf_To-the_Lighthouse.pdf,2025-03-14 08:59:29,8
2025-03-14 08:59:32,https://www.google.com/search?q=to+the+lighthouse+full+text&oq=to+the+light+house+full+tex&gs_lcrp=EgZjaHJvbWUqCQgBEAAYDRiABDIGCAAQRRg5MgkIARAAGA0YgAQyCQgCEAAYDRiABNIBCTE0NDkyajFqNKgCALACAA&sourceid=chrome&ie=UTF-8,2025-03-14 08:59:32,8
2025-03-14 08:59:34,https://gutenberg.net.au/ebooks01/0100101.txt,2025-03-14 08:59:34,8
2025-03-14 08:59:53,https://chat.openai.com/chat,2025-03-14 08:59:53,8
2025-03-14 08:59:53,https://chatgpt.com/chat,2025-03-14 08:59:53,8
2025-03-14 08:59:53,https://chatgpt.com/,2025-03-14 08:59:53,8
2025-03-14 08:59:56,https://sora.com/?utm_source=chatgpt,2025-03-14 08:59:56,8
2025-03-14 08:59:56,https://sora.com/library,2025-03-14 08:59:56,8
2025-03-14 08:59:58,https://sora.com/onboarding,2025-03-14 08:59:58,8
2025-03-14 09:00:06,https://sora.com/library,2025-03-14 09:00:06,9
2025-03-14 09:00:06,https://sora.com/library,2025-03-14 09:00:06,9
2025-03-14 09:00:06,https://sora.com/onboarding,2025-03-14 09:00:06,9
2025-03-14 09:00:12,https://sora.com/?utm_source=chatgpt,2025-03-14 09:00:12,9
2025-03-14 09:00:12,https://sora.com/library,2025-03-14 09:00:12,9
2025-03-14 09:00:13,https://sora.com/onboarding,2025-03-14 09:00:13,9
2025-03-14 09:00:25,https://sora.com/explore/featured?help=,2025-03-14 09:00:25,9
2025-03-14 09:00:25,https://sora.com/explore/featured?help=,2025-03-14 09:00:25,9
2025-03-14 09:00:25,https://sora.com/explore/featured?help=,2025-03-14 09:00:25,9
2025-03-14 09:02:53,https://sora.com/explore/featured,2025-03-14 09:02:53,9
2025-03-14 09:02:53,https://sora.com/explore/featured,2025-03-14 09:02:53,9
2025-03-14 09:02:53,https://sora.com/explore/featured,2025-03-14 09:02:53,9
2025-03-14 09:03:04,https://sora.com/explore/featured?help=storyboard,2025-03-14 09:03:04,9
2025-03-14 09:03:04,https://sora.com/explore/featured?help=storyboard,2025-03-14 09:03:04,9
2025-03-14 09:03:04,https://sora.com/explore/featured?help=storyboard,2025-03-14 09:03:04,9
2025-03-14 09:03:39,https://sora.com/explore/featured,2025-03-14 09:03:39,9
2025-03-14 09:03:39,https://sora.com/explore/featured,2025-03-14 09:03:39,9
2025-03-14 09:03:39,https://sora.com/explore/featured,2025-03-14 09:03:39,9
2025-03-14 09:07:06,https://sora.com/library,2025-03-14 09:07:06,9
2025-03-14 09:07:06,https://sora.com/library,2025-03-14 09:07:06,9
2025-03-14 09:07:06,https://sora.com/library,2025-03-14 09:07:06,9
2025-03-14 09:07:10,https://sora.com/explore/featured,2025-03-14 09:07:10,9
2025-03-14 09:07:10,https://sora.com/explore/featured,2025-03-14 09:07:10,9
2025-03-14 09:07:10,https://sora.com/explore/featured,2025-03-14 09:07:10,9
2025-03-14 09:07:18,https://sora.com/explore/top,2025-03-14 09:07:18,9
2025-03-14 09:07:18,https://sora.com/explore/top,2025-03-14 09:07:18,9
2025-03-14 09:07:18,https://sora.com/explore/top,2025-03-14 09:07:18,9
2025-03-14 09:07:40,https://sora.com/g/gen_01jp9j679rf5c8d474fqkm3jgv,2025-03-14 09:07:40,9
2025-03-14 09:07:40,https://sora.com/g/gen_01jp9j679rf5c8d474fqkm3jgv,2025-03-14 09:07:40,9
2025-03-14 09:07:40,https://sora.com/g/gen_01jp9j679rf5c8d474fqkm3jgv,2025-03-14 09:07:40,9
2025-03-14 09:07:43,https://sora.com/explore/top,2025-03-14 09:07:43,9
2025-03-14 09:07:43,https://sora.com/explore/top,2025-03-14 09:07:43,9
2025-03-14 09:07:43,https://sora.com/explore/top,2025-03-14 09:07:43,9
2025-03-14 09:07:44,https://sora.com/g/gen_01jp8bknm8efta049ajkk7d9s6,2025-03-14 09:07:44,9
2025-03-14 09:07:44,https://sora.com/g/gen_01jp8bknm8efta049ajkk7d9s6,2025-03-14 09:07:44,9
2025-03-14 09:07:44,https://sora.com/g/gen_01jp8bknm8efta049ajkk7d9s6,2025-03-14 09:07:44,9
2025-03-14 09:07:47,https://sora.com/explore/top,2025-03-14 09:07:47,9
2025-03-14 09:07:47,https://sora.com/explore/top,2025-03-14 09:07:47,9
2025-03-14 09:07:47,https://sora.com/explore/top,2025-03-14 09:07:47,9
2025-03-14 09:07:56,https://sora.com/explore/featured,2025-03-14 09:07:56,9
2025-03-14 09:07:56,https://sora.com/explore/featured,2025-03-14 09:07:56,9
2025-03-14 09:07:56,https://sora.com/explore/featured,2025-03-14 09:07:56,9
2025-03-14 09:17:08,https://sora.com/library,2025-03-14 09:17:08,9
2025-03-14 09:17:08,https://sora.com/library,2025-03-14 09:17:08,9
2025-03-14 09:17:08,https://sora.com/library,2025-03-14 09:17:08,9
2025-03-14 09:19:21,https://sora.com/explore/recent,2025-03-14 09:19:21,9
2025-03-14 09:19:21,https://sora.com/explore/recent,2025-03-14 09:19:21,9
2025-03-14 09:19:21,https://sora.com/explore/recent,2025-03-14 09:19:21,9
2025-03-14 09:19:45,https://sora.com/g/gen_01jpaq758tfapsmmen5sf7xnpx,2025-03-14 09:19:45,9
2025-03-14 09:19:45,https://sora.com/g/gen_01jpaq758tfapsmmen5sf7xnpx,2025-03-14 09:19:45,9
2025-03-14 09:19:45,https://sora.com/g/gen_01jpaq758tfapsmmen5sf7xnpx,2025-03-14 09:19:45,9
2025-03-14 09:19:48,https://sora.com/explore/recent,2025-03-14 09:19:48,9
2025-03-14 09:19:48,https://sora.com/explore/recent,2025-03-14 09:19:48,9
2025-03-14 09:19:48,https://sora.com/explore/recent,2025-03-14 09:19:48,9
2025-03-14 09:20:02,https://sora.com/g/gen_01jpaq6wcxe7ht0ve3yvpq3t2t,2025-03-14 09:20:02,9
2025-03-14 09:20:02,https://sora.com/g/gen_01jpaq6wcxe7ht0ve3yvpq3t2t,2025-03-14 09:20:02,9
2025-03-14 09:20:02,https://sora.com/g/gen_01jpaq6wcxe7ht0ve3yvpq3t2t,2025-03-14 09:20:02,9
2025-03-14 09:20:06,https://sora.com/explore/recent,2025-03-14 09:20:06,9
2025-03-14 09:20:06,https://sora.com/explore/recent,2025-03-14 09:20:06,9
2025-03-14 09:20:06,https://sora.com/explore/recent,2025-03-14 09:20:06,9
2025-03-14 09:20:14,https://sora.com/g/gen_01jpaq6ed6ewmshf3891mnr2ca,2025-03-14 09:20:14,9
2025-03-14 09:20:14,https://sora.com/g/gen_01jpaq6ed6ewmshf3891mnr2ca,2025-03-14 09:20:14,9
2025-03-14 09:20:14,https://sora.com/g/gen_01jpaq6ed6ewmshf3891mnr2ca,2025-03-14 09:20:14,9
2025-03-14 09:20:16,https://sora.com/explore/recent,2025-03-14 09:20:16,9
2025-03-14 09:20:16,https://sora.com/explore/recent,2025-03-14 09:20:16,9
2025-03-14 09:20:16,https://sora.com/explore/recent,2025-03-14 09:20:16,9
2025-03-14 09:22:14,https://claude.ai/new,2025-03-14 09:22:14,9
2025-03-14 09:24:09,https://claude.ai/chat/9db13414-f359-457a-b8b7-bf9bb164b89d,2025-03-14 09:24:09,9
2025-03-14 09:24:55,https://claude.ai/new,2025-03-14 09:24:55,9
2025-03-14 09:24:55,https://claude.ai/new,2025-03-14 09:24:55,9
2025-03-14 09:25:15,https://claude.ai/chat/4da85989-cdcf-4c76-af32-14125c7f4084,2025-03-14 09:25:15,9
2025-03-14 09:27:52,https://www.google.com/search?q=fine+tuning+openai&oq=fine+tuning+&gs_lcrp=EgZjaHJvbWUqDggAEEUYJxg7GIAEGIoFMg4IABBFGCcYOxiABBiKBTIGCAEQRRhAMgYIAhBFGDkyBggDEEUYOzIMCAQQABgUGIcCGIAEMhAIBRAuGK8BGMcBGIAEGI4FMgYIBhBFGDwyBggHEEUYPNIBCDUxMThqMWo3qAIAsAIA&sourceid=chrome&ie=UTF-8,2025-03-14 09:27:52,9
2025-03-14 09:27:54,https://platform.openai.com/docs/guides/fine-tuning,2025-03-14 09:27:54,9
2025-03-14 09:27:58,https://www.google.com/search?q=fine+tuning+mistrql&oq=fine+tuning+mistrql&gs_lcrp=EgZjaHJvbWUyBggAEEUYOTIJCAEQABgNGIAEMgkIAhAAGA0YgAQyCQgDEAAYDRiABDIJCAQQABgNGIAEMggIBRAAGA0YHjIICAYQABgNGB4yCAgHEAAYFhgeMggICBAAGBYYHjIICAkQABgWGB7SAQgyNDg0ajFqN6gCALACAA&sourceid=chrome&ie=UTF-8,2025-03-14 09:27:58,9
2025-03-14 09:28:00,https://docs.mistral.ai/guides/finetuning/,2025-03-14 09:28:00,9
2025-03-14 09:28:12,https://docs.mistral.ai/guides/finetuning/#prepare-dataset,2025-03-14 09:28:12,9
2025-03-14 09:28:38,https://docs.mistral.ai/guides/finetuning/#reformat-dataset,2025-03-14 09:28:38,9
2025-03-14 09:29:00,https://docs.mistral.ai/guides/finetuning/#end-to-end-example-with-open-source-mistral-finetune,2025-03-14 09:29:00,9
2025-03-14 09:29:13,https://github.com/mistralai/mistral-finetune/tree/main,2025-03-14 09:29:13,9
2025-03-14 09:29:37,https://github.com/mistralai/mistral-finetune/tree/main,2025-03-14 09:29:37,9
2025-03-14 09:29:37,https://github.com/mistralai/mistral-finetune/commit/6f36754aa8aef29e69c1e7f7adcf67cb6a85c503,2025-03-14 09:29:37,9
2025-03-14 09:29:37,https://github.com/mistralai/mistral-finetune/commit/6f36754aa8aef29e69c1e7f7adcf67cb6a85c503,2025-03-14 09:29:37,9
2025-03-14 09:29:37,https://github.com/mistralai/mistral-finetune/commit/6f36754aa8aef29e69c1e7f7adcf67cb6a85c503,2025-03-14 09:29:37,9
2025-03-14 09:29:46,https://docs.mistral.ai/guides/finetuning/#prepare-the-dataset,2025-03-14 09:29:46,9
2025-03-14 09:32:18,https://platform.openai.com/docs/guides/fine-tuning#preparing-your-dataset,2025-03-14 09:32:18,9
2025-03-14 09:33:57,https://platform.openai.com/docs/guides/fine-tuning#preference,2025-03-14 09:33:57,9
2025-03-14 09:34:25,https://platform.openai.com/docs/guides/fine-tuning#fine-tuning-examples,2025-03-14 09:34:25,9
2025-03-14 09:37:47,https://chat.openai.com/chat,2025-03-14 09:37:47,9
2025-03-14 09:37:47,https://chatgpt.com/chat,2025-03-14 09:37:47,9
2025-03-14 09:37:47,https://chatgpt.com/,2025-03-14 09:37:47,9
2025-03-14 09:37:49,https://chatgpt.com/?model=gpt-4o,2025-03-14 09:37:49,9
2025-03-14 09:39:14,https://chatgpt.com/c/67d45bb0-9928-800e-b6c3-4a0ed3002f13,2025-03-14 09:39:14,9
2025-03-14 09:39:48,https://docs.mistral.ai/guides/finetuning/#use-cases,2025-03-14 09:39:48,9
2025-03-14 09:40:01,https://docs.mistral.ai/guides/finetuning/#end-to-end-example-with-mistral-api,2025-03-14 09:40:01,9
2025-03-14 09:51:23,https://www.youtube.com/watch?v=HVhXwBYenC8,2025-03-14 09:51:23,9
2025-03-14 10:15:15,https://www.youtube.com/watch?v=5MseF3lv69k,2025-03-14 10:15:15,10
2025-03-14 10:15:16,https://www.youtube.com/watch?v=6rAHkSyzfNA,2025-03-14 10:15:16,10
2025-03-14 10:15:32,https://www.youtube.com/watch?v=ibzSgp8B2Hw,2025-03-14 10:15:32,10
2025-03-14 10:15:44,https://www.youtube.com/watch?v=IaJKo9CxxXA,2025-03-14 10:15:44,10
2025-03-14 10:16:10,https://www.youtube.com/watch?v=A3AsVAZ7wIs,2025-03-14 10:16:10,10
2025-03-14 10:16:10,https://www.youtube.com/results?search_query=operator+openai,2025-03-14 10:16:10,10
2025-03-14 10:16:24,https://www.youtube.com/watch?v=tD2bR7HQv9I&pp=ygUPb3BlcmF0b3Igb3BlbmFp,2025-03-14 10:16:24,10
2025-03-14 10:16:25,https://www.youtube.com/watch?v=-fPZsngNMFs&pp=ygUPb3BlcmF0b3Igb3BlbmFp,2025-03-14 10:16:25,10
2025-03-14 10:16:27,https://www.youtube.com/watch?v=tD2bR7HQv9I,2025-03-14 10:16:27,10
2025-03-14 10:16:28,https://www.youtube.com/watch?v=-fPZsngNMFs,2025-03-14 10:16:28,10
2025-03-14 10:16:55,https://www.youtube.com/watch?v=EDkaQj7K5_c,2025-03-14 10:16:55,10
2025-03-14 10:19:40,https://www.usatoday.com/,2025-03-14 10:19:40,10
2025-03-14 10:19:46,https://www.usatoday.com/story/news/politics/2025/03/14/elon-musk-hitler-federal-workers/82402023007/,2025-03-14 10:19:46,10
2025-03-14 10:25:51,https://www.youtube.com/watch?v=6rAHkSyzfNA,2025-03-14 10:25:51,10
2025-03-14 10:25:51,https://www.youtube.com/watch?v=03HFfTzBuIw,2025-03-14 10:25:51,10
2025-03-14 10:54:16,https://chatgpt.com/?model=o3-mini-high,2025-03-14 10:54:16,10
2025-03-14 10:55:37,https://chatgpt.com/c/67d46d98-d540-800e-980e-191c9d708ff4,2025-03-14 10:55:37,10
2025-03-14 10:57:22,https://console.mistral.ai/usage,2025-03-14 10:57:22,10
2025-03-14 10:57:26,https://console.mistral.ai/build/agents,2025-03-14 10:57:26,10
2025-03-14 10:57:28,https://console.mistral.ai/build/finetuned-models,2025-03-14 10:57:28,10
2025-03-14 10:57:30,https://console.mistral.ai/build/agents,2025-03-14 10:57:30,10
2025-03-14 10:57:39,https://console.mistral.ai/build/agents/new,2025-03-14 10:57:39,10
2025-03-14 10:58:24,https://chatgpt.com/c/67d3af53-8868-800e-82eb-31db6958b8be,2025-03-14 10:58:24,10
2025-03-14 11:02:18,https://www.youtube.com/watch?v=ZyS_WRNgovc,2025-03-14 11:02:18,11
2025-03-14 11:13:50,https://console.mistral.ai/build/agents/ag:ead179eb:20250314:untitled-agent:2f7f6402,2025-03-14 11:13:50,11
2025-03-14 11:15:40,https://docs.mistral.ai/,2025-03-14 11:15:40,11
2025-03-14 11:15:48,https://docs.mistral.ai/capabilities/agents/,2025-03-14 11:15:48,11
2025-03-14 11:16:32,https://github.com/mistralai/cookbook/blob/main/mistral/agents/simple_Python_agent_workflow.ipynb,2025-03-14 11:16:32,11
2025-03-14 11:17:21,https://chatgpt.com/c/67d45018-5674-800e-ba0b-f5f541d22bff,2025-03-14 11:17:21,11
2025-03-14 11:17:30,https://chatgpt.com/?model=o3-mini-high,2025-03-14 11:17:30,11
2025-03-14 11:18:38,https://chatgpt.com/c/67d45018-5674-800e-ba0b-f5f541d22bff,2025-03-14 11:18:38,11
2025-03-14 11:18:42,https://chatgpt.com/c/67d46d98-d540-800e-980e-191c9d708ff4,2025-03-14 11:18:42,11
2025-03-14 11:18:44,https://chatgpt.com/c/67d45018-5674-800e-ba0b-f5f541d22bff,2025-03-14 11:18:44,11
2025-03-14 11:18:46,https://chatgpt.com/c/67d45bb0-9928-800e-b6c3-4a0ed3002f13,2025-03-14 11:18:46,11
2025-03-14 11:18:47,https://chatgpt.com/c/67d44c93-fa94-800e-ae0d-9ca8d8a44b42,2025-03-14 11:18:47,11
2025-03-14 11:18:48,https://chatgpt.com/c/67d3af53-8868-800e-82eb-31db6958b8be,2025-03-14 11:18:48,11
2025-03-14 11:21:58,https://docs.mistral.ai/api/,2025-03-14 11:21:58,11
2025-03-14 11:22:00,https://docs.mistral.ai/api/#tag/agents,2025-03-14 11:22:00,11
2025-03-14 11:22:03,https://docs.mistral.ai/api/#tag/agents/operation/agents_completion_v1_agents_completions_post,2025-03-14 11:22:03,11
2025-03-14 11:22:16,https://mistral.ai/,2025-03-14 11:22:16,11
2025-03-14 11:22:23,https://mistral.ai/solutions#team,2025-03-14 11:22:23,11
2025-03-14 11:22:25,https://mistral.ai/products/la-plateforme,2025-03-14 11:22:25,11
2025-03-14 11:22:28,https://console.mistral.ai/,2025-03-14 11:22:28,11
2025-03-14 11:22:28,https://console.mistral.ai/home,2025-03-14 11:22:28,11
2025-03-14 11:22:33,https://console.mistral.ai/build/agents,2025-03-14 11:22:33,11
2025-03-14 11:22:37,https://console.mistral.ai/build/agents/ag:ead179eb:20250314:untitled-agent:2f7f6402,2025-03-14 11:22:37,11
2025-03-14 11:22:56,https://console.mistral.ai/build/agents,2025-03-14 11:22:56,11
2025-03-14 11:23:02,https://console.mistral.ai/build/agents/ag:ead179eb:20250314:untitled-agent:2f7f6402,2025-03-14 11:23:02,11
2025-03-14 11:24:06,https://chatgpt.com/c/67d47445-9b48-800e-b051-7cf9a2638cfd,2025-03-14 11:24:06,11
2025-03-14 11:24:49,https://www.youtube.com/watch?v=ZyS_WRNgovc,2025-03-14 11:24:49,11
2025-03-14 11:24:49,https://www.youtube.com/watch?v=Js15xgK4LIE,2025-03-14 11:24:49,11
2025-03-14 11:28:06,https://www.usatoday.com/,2025-03-14 11:28:06,11
2025-03-14 11:28:27,https://hp.taboola.com/usatodaydemo/log/3/click?pi=%2F&ri=1008c890535fa64a108eee19c6cde293&sd=v2_5cac5454909be75e5997e7b43e7ea43d_684b2dba-10ed-4c7e-9e6c-cc0c35f842b3-tuctb1160a1_1741976886_1741976890_CIi3jgYQkAkYx7inr9kyIAEoAzDhATiRpA5A2-0PSNjY2ANQswZYAGCgH2jstY-rt9617aIBcAGAAQA&ui=684b2dba-10ed-4c7e-9e6c-cc0c35f842b3-tuctb1160a1&ii=~~V1~~-8895828335684213850~~3unTpk5VaBA729vWUD3b-g&it=text&pt=home&li=rbox-h2v&sig=d94f4f4564d867cfee5558cdd380f9689062a641f375&vi=1741976886343&lti=trecs-pa-disable-auction-test2_var&r=36&tvi2=24189&tvi48=14790&tvi50=16335&tvi61=24234&tvi62=18148&ppb=CJUH&cpb=EhIyMDI1MDMxMy03LVJFTEVBU0UYjwEgnP__________ASoZY2gudGFib29sYXN5bmRpY2F0aW9uLmNvbTIIdHJjODAyMzk4gKLTvgRAkaQOSNvtD1DY2NgDWLMGYwixlgEQ_bwBGAJkYwjXFhDVHxgjZGMIn5ABEM-1ARgkZGMI0gMQ4AYYCGRjCL-WARCNvQEYCmRjCIVCEKlXGA9kYwikJxCDNRgvZGMI01cQxnMYMGRjCI1aEM9_GDJkYwjKLhCRPhgzZGMI8iQQ65EBGBRkYwi7aBDBhwEYFmRjCJYUEJkcGBhkYwiohQEQ7agBGDpkYwjGThD9Zxg8ZGMIzpYBEKq9ARg9ZGMIg24Q5I0BGD5kYwj0FBCeHRgfZHgBgAGN2wGIAZ_226sFkAEXmAGf2aev2TLbAQo4eS1hdjhIcTZoRzJ1Sllpc19Nc3FMdDJZYlNXdVdOWjAxNG9td0VaLkh2VmQzdk12WTFPdy0tLUEQAdwB&cv=20250313-7-RELEASE&route=LA%3ACH%3AV&pc=1&url=https%3A%2F%2Fwww.usatoday.com%2Fstory%2Fmoney%2F2025%2F03%2F14%2Fconsumer-confidence-tariffs-inflation-recession-fears%2F82404055007%2F%3Ftbref%3Dhp,2025-03-14 11:28:27,11
2025-03-14 11:28:27,https://www.usatoday.com/story/money/2025/03/14/consumer-confidence-tariffs-inflation-recession-fears/82404055007/?tbref=hp,2025-03-14 11:28:27,11
2025-03-14 11:35:22,https://www.youtube.com/,2025-03-14 11:35:22,11
2025-03-14 11:35:33,https://www.youtube.com/,2025-03-14 11:35:33,11
2025-03-14 11:35:33,https://www.youtube.com/results?search_query=preprocessing+text+for+LLM+training,2025-03-14 11:35:33,11
2025-03-14 11:35:44,https://www.youtube.com/watch?v=JJ5mcdEIbj8,2025-03-14 11:35:44,11
2025-03-14 11:35:48,https://www.youtube.com/results?search_query=preprocessing+text+for+LLM+training,2025-03-14 11:35:48,11
2025-03-14 11:38:52,https://www.youtube.com/redirect?event=Watch_SD_EP&redir_token=QUFFLUhqbkYwQ2JPNnFGejN2eHpNQ0JyeXV6Sk9SSVQ2d3xBQ3Jtc0tuTmNfcXVOZFY2NEx6bjRIU080Yi12Y1RWbldodWZJcERYR0EyZ19ZTXBhZU5OcVlyWjhCdEFVUGxaN2JZUzBYWmpFeGhyaEpCcEZQc3g0RUVKZHg2OEpxMHByWTZmUzlHZE14WUJ0SE4yR2xNUnVXRQ&q=https%3A%2F%2Fwww.linkedin.com%2Fcompany%2Ftrelis-research%2F,2025-03-14 11:38:52,11
2025-03-14 11:38:52,https://www.linkedin.com/company/trelis-research/,2025-03-14 11:38:52,11
2025-03-14 11:38:58,https://www.linkedin.com/company/trelis-research/people/,2025-03-14 11:38:58,11
2025-03-14 11:39:03,https://www.linkedin.com/in/ronanmcgovern/?miniProfileUrn=urn%3Ali%3Afs_miniProfile%3AACoAAAMNlXUBdUJqFGh3amSq3nIuSwUdxGkin1w,2025-03-14 11:39:03,11
2025-03-14 11:39:03,https://www.linkedin.com/in/ronanmcgovern/,2025-03-14 11:39:03,11
2025-03-14 11:39:16,https://www.linkedin.com/in/ronanmcgovern/details/education/,2025-03-14 11:39:16,11
2025-03-14 11:39:21,https://www.linkedin.com/in/ronanmcgovern/,2025-03-14 11:39:21,11
2025-03-14 11:41:00,https://www.google.com/search?q=mistral+small&oq=mistral+sm&gs_lcrp=EgZjaHJvbWUqDQgAEAAYgwEYsQMYgAQyDQgAEAAYgwEYsQMYgAQyBwgBEAAYgAQyBggCEEUYOTIKCAMQABiLAxiABDIKCAQQABiLAxiABDIGCAUQRRg9MgYIBhBFGDwyBggHEEUYPNIBCDQ2ODhqMWo3qAIAsAIA&sourceid=chrome&ie=UTF-8,2025-03-14 11:41:00,11
2025-03-14 11:41:05,https://docs.mistral.ai/getting-started/models/models_overview/,2025-03-14 11:41:05,11
2025-03-14 11:41:44,https://docs.mistral.ai/getting-started/models/picking/#mistral-small-intermediate-tasks-that-require-language-transformation,2025-03-14 11:41:44,11
2025-03-14 11:42:05,https://docs.mistral.ai/getting-started/models/picking/#mistral-nemo-simple-tasks-that-one-can-do-in-bulk,2025-03-14 11:42:05,11
2025-03-14 11:42:25,https://docs.mistral.ai/getting-started/customization/,2025-03-14 11:42:25,11
2025-03-14 11:42:49,https://docs.mistral.ai/capabilities/agents/,2025-03-14 11:42:49,11
2025-03-14 11:42:56,https://docs.mistral.ai/getting-started/models/benchmark/,2025-03-14 11:42:56,11
2025-03-14 11:43:03,https://mistral.ai/news/mistral-small-3/,2025-03-14 11:43:03,11
2025-03-14 11:43:03,https://mistral.ai/news/mistral-small-3,2025-03-14 11:43:03,11
2025-03-14 11:43:55,https://mistral.ai/services,2025-03-14 11:43:55,11
2025-03-14 11:44:32,https://docs.mistral.ai/getting-started/models/models_overview/,2025-03-14 11:44:32,11
2025-03-14 11:44:42,https://mistral.ai/en/products/la-plateforme#pricing,2025-03-14 11:44:42,11
2025-03-14 11:44:42,https://mistral.ai/products/la-plateforme#pricing,2025-03-14 11:44:42,11
2025-03-14 11:46:06,https://www.google.com/search?q=32k+tokens+to+words&oq=32k+tokens+to+words&gs_lcrp=EgZjaHJvbWUyCQgAEEUYORiABDINCAEQABiGAxiABBiKBTIKCAIQABiABBiiBDIHCAMQABjvBTIHCAQQABjvBdIBCDI2MTBqMWo0qAIAsAIB&sourceid=chrome&ie=UTF-8,2025-03-14 11:46:06,11
2025-03-14 11:46:40,https://mistral.ai/products/la-plateforme#pricing,2025-03-14 11:46:40,11
2025-03-14 11:46:43,https://console.mistral.ai/,2025-03-14 11:46:43,11
2025-03-14 11:46:43,https://console.mistral.ai/home,2025-03-14 11:46:43,11
2025-03-14 11:46:48,https://console.mistral.ai/build/agents,2025-03-14 11:46:48,11
2025-03-14 11:46:50,https://console.mistral.ai/build/agents/ag:ead179eb:20250314:untitled-agent:2f7f6402,2025-03-14 11:46:50,11
2025-03-14 11:50:15,https://messages.google.com/web/conversations,2025-03-14 11:50:15,11
2025-03-14 11:50:22,https://messages.google.com/web/conversations/360,2025-03-14 11:50:22,11
2025-03-14 11:50:22,https://messages.google.com/web/conversations/895,2025-03-14 11:50:22,11
2025-03-14 12:12:07,https://console.mistral.ai/build/agents,2025-03-14 12:12:07,12
2025-03-14 12:12:28,https://www.google.com/search?q=mistral+nemo+vs+mistral+small&oq=nemo+vs+small+mis&gs_lcrp=EgZjaHJvbWUqCAgBEAAYFhgeMgYIABBFGDkyCAgBEAAYFhgeMg0IAhAAGIYDGIAEGIoFMg0IAxAAGIYDGIAEGIoFMg0IBBAAGIYDGIAEGIoFMgcIBRAAGO8FMgoIBhAAGIAEGKIEMgoIBxAAGKIEGIkFMgcICBAAGO8FMgcICRAAGO8F0gEJMTMzNjNqMWo3qAIAsAIA&sourceid=chrome&ie=UTF-8,2025-03-14 12:12:28,12
2025-03-14 12:12:31,https://www.reddit.com/r/LocalLLaMA/comments/1e9hrdi/mistral_nemo_vs_nvidia_mistral_nemo/,2025-03-14 12:12:31,12
2025-03-14 12:12:35,https://docs.mistral.ai/getting-started/models/models_overview/,2025-03-14 12:12:35,12
2025-03-14 12:12:53,https://mistral.ai/news/mistral-small-3/,2025-03-14 12:12:53,12
2025-03-14 12:12:53,https://mistral.ai/news/mistral-small-3,2025-03-14 12:12:53,12
2025-03-14 12:13:04,https://mistral.ai/news/mistral-nemo/,2025-03-14 12:13:04,12
2025-03-14 12:13:04,https://mistral.ai/news/mistral-nemo,2025-03-14 12:13:04,12
2025-03-14 12:14:22,https://docs.mistral.ai/capabilities/predicted-outputs/,2025-03-14 12:14:22,12
2025-03-14 12:14:24,https://docs.mistral.ai/capabilities/agents/,2025-03-14 12:14:24,12
2025-03-14 12:14:28,https://console.mistral.ai/build/agents/new,2025-03-14 12:14:28,12
2025-03-14 12:14:31,https://console.mistral.ai/build/agents,2025-03-14 12:14:31,12
2025-03-14 12:14:32,https://console.mistral.ai/build/agents/ag:ead179eb:20250314:untitled-agent:2f7f6402,2025-03-14 12:14:32,12
2025-03-14 12:14:52,https://console.mistral.ai/build/agents,2025-03-14 12:14:52,12
2025-03-14 12:14:59,https://platform.openai.com/playground?mode=complete,2025-03-14 12:14:59,12
2025-03-14 12:15:00,https://platform.openai.com/playground/complete?mode=complete,2025-03-14 12:15:00,12
2025-03-14 12:15:01,https://platform.openai.com/playground/complete?mode=complete&model=gpt-3.5-turbo-instruct,2025-03-14 12:15:01,12
2025-03-14 12:15:03,https://platform.openai.com/docs/api-reference/introduction,2025-03-14 12:15:03,12
2025-03-14 12:15:04,https://platform.openai.com/docs/api-reference/introduction,2025-03-14 12:15:04,12
2025-03-14 12:15:06,https://platform.openai.com/docs/api-reference/authentication,2025-03-14 12:15:06,12
2025-03-14 12:15:10,https://platform.openai.com/docs/api-reference/models,2025-03-14 12:15:10,12
2025-03-14 12:15:10,https://platform.openai.com/docs/api-reference/models,2025-03-14 12:15:10,12
2025-03-14 12:15:17,https://platform.openai.com/docs/api-reference/assistants,2025-03-14 12:15:17,12
2025-03-14 12:15:17,https://platform.openai.com/docs/api-reference/assistants,2025-03-14 12:15:17,12
2025-03-14 12:15:23,https://platform.openai.com/docs/api-reference/models,2025-03-14 12:15:23,12
2025-03-14 12:15:23,https://platform.openai.com/docs/api-reference/models,2025-03-14 12:15:23,12
2025-03-14 12:15:27,https://platform.openai.com/docs/api-reference/models/list,2025-03-14 12:15:27,12
2025-03-14 12:15:27,https://platform.openai.com/docs/api-reference/models/list,2025-03-14 12:15:27,12
2025-03-14 12:15:33,https://platform.openai.com/docs,2025-03-14 12:15:33,12
2025-03-14 12:15:33,https://platform.openai.com/docs/overview,2025-03-14 12:15:33,12
2025-03-14 12:15:47,https://platform.openai.com/docs/guides/model-selection,2025-03-14 12:15:47,12
2025-03-14 12:16:27,https://platform.openai.com/docs/guides/responses-vs-chat-completions,2025-03-14 12:16:27,12
2025-03-14 12:16:34,https://platform.openai.com/playground?mode=complete,2025-03-14 12:16:34,12
2025-03-14 12:16:36,https://platform.openai.com/playground/complete?mode=complete,2025-03-14 12:16:36,12
2025-03-14 12:16:37,https://platform.openai.com/playground/complete?mode=complete&model=gpt-3.5-turbo-instruct,2025-03-14 12:16:37,12
2025-03-14 12:16:38,https://platform.openai.com/playground/assistants,2025-03-14 12:16:38,12
2025-03-14 12:16:43,https://platform.openai.com/playground/realtime,2025-03-14 12:16:43,12
2025-03-14 12:16:45,https://platform.openai.com/playground/prompts,2025-03-14 12:16:45,12
2025-03-14 12:16:45,https://platform.openai.com/playground/prompts?models=gpt-4o,2025-03-14 12:16:45,12
2025-03-14 12:16:54,https://platform.openai.com/playground/realtime,2025-03-14 12:16:54,12
2025-03-14 12:16:57,https://platform.openai.com/playground/assistants,2025-03-14 12:16:57,12
2025-03-14 12:17:08,https://platform.openai.com/playground/prompts,2025-03-14 12:17:08,12
2025-03-14 12:17:08,https://platform.openai.com/playground/prompts?models=gpt-4o,2025-03-14 12:17:08,12
2025-03-14 12:17:23,https://platform.openai.com/playground/realtime,2025-03-14 12:17:23,12
2025-03-14 12:17:48,https://platform.openai.com/playground/assistants,2025-03-14 12:17:48,12
2025-03-14 12:18:27,https://platform.openai.com/playground/assistants?assistant=asst_oQUqZ2ll9WJJmOi6k0WEevLb,2025-03-14 12:18:27,12
2025-03-14 12:18:44,https://console.mistral.ai/build/agents/ag:ead179eb:20250314:untitled-agent:2f7f6402,2025-03-14 12:18:44,12
2025-03-14 12:19:02,https://platform.openai.com/playground/assistants?assistant=asst_oQUqZ2ll9WJJmOi6k0WEevLb&thread=thread_8fu8ISl7FrVkwh8mrwKX9pba,2025-03-14 12:19:02,12
2025-03-14 12:19:04,https://platform.openai.com/playground/assistants?assistant=asst_oQUqZ2ll9WJJmOi6k0WEevLb&thread=thread_8fu8ISl7FrVkwh8mrwKX9pba,2025-03-14 12:19:04,12
2025-03-14 12:19:30,https://platform.openai.com/playground/assistants?assistant=asst_oQUqZ2ll9WJJmOi6k0WEevLb,2025-03-14 12:19:30,12
2025-03-14 12:19:42,https://www.google.com/search?q=temperature+in+chatgpt&oq=temperature+in+chatgpt&gs_lcrp=EgZjaHJvbWUyCQgAEEUYORiABDIICAEQABgWGB4yCAgCEAAYFhgeMggIAxAAGBYYHjIICAQQABgWGB4yCAgFEAAYFhgeMggIBhAAGBYYHjIGCAcQRRg80gEIMzQ4N2oxajeoAgCwAgA&sourceid=chrome&ie=UTF-8,2025-03-14 12:19:42,12
2025-03-14 12:20:58,https://platform.openai.com/playground/assistants?assistant=asst_oQUqZ2ll9WJJmOi6k0WEevLb&thread=thread_8WWo6Qn7fA46z7MxONiAlMTd,2025-03-14 12:20:58,12
2025-03-14 12:20:59,https://platform.openai.com/playground/assistants?assistant=asst_oQUqZ2ll9WJJmOi6k0WEevLb&thread=thread_8WWo6Qn7fA46z7MxONiAlMTd,2025-03-14 12:20:59,12
2025-03-14 12:22:19,https://platform.openai.com/playground/assistants?assistant=asst_oQUqZ2ll9WJJmOi6k0WEevLb,2025-03-14 12:22:19,12
2025-03-14 12:22:23,https://platform.openai.com/playground/assistants?assistant=asst_oQUqZ2ll9WJJmOi6k0WEevLb&thread=thread_iDjBKyBOVRteMMhNxm2R7B5T,2025-03-14 12:22:23,12
2025-03-14 12:22:24,https://platform.openai.com/playground/assistants?assistant=asst_oQUqZ2ll9WJJmOi6k0WEevLb&thread=thread_iDjBKyBOVRteMMhNxm2R7B5T,2025-03-14 12:22:24,12
2025-03-14 12:23:04,https://platform.openai.com/playground/assistants?assistant=asst_oQUqZ2ll9WJJmOi6k0WEevLb,2025-03-14 12:23:04,12
2025-03-14 12:23:09,https://platform.openai.com/playground/assistants?assistant=asst_oQUqZ2ll9WJJmOi6k0WEevLb&thread=thread_xHdVkZsaR2Ld7LAdJMVCFrRz,2025-03-14 12:23:09,12
2025-03-14 12:23:10,https://platform.openai.com/playground/assistants?assistant=asst_oQUqZ2ll9WJJmOi6k0WEevLb&thread=thread_xHdVkZsaR2Ld7LAdJMVCFrRz,2025-03-14 12:23:10,12
2025-03-14 12:23:40,https://platform.openai.com/playground/assistants?assistant=asst_oQUqZ2ll9WJJmOi6k0WEevLb,2025-03-14 12:23:40,12
2025-03-14 12:23:43,https://platform.openai.com/playground/assistants?assistant=asst_oQUqZ2ll9WJJmOi6k0WEevLb&thread=thread_Iqk7B5l2Sj525TnsJzj0Cpw8,2025-03-14 12:23:43,12
2025-03-14 12:23:46,https://platform.openai.com/playground/assistants?assistant=asst_oQUqZ2ll9WJJmOi6k0WEevLb&thread=thread_Iqk7B5l2Sj525TnsJzj0Cpw8,2025-03-14 12:23:46,12
2025-03-14 12:24:06,https://platform.openai.com/playground/assistants?assistant=asst_oQUqZ2ll9WJJmOi6k0WEevLb,2025-03-14 12:24:06,12
2025-03-14 12:24:12,https://platform.openai.com/playground/assistants?assistant=asst_oQUqZ2ll9WJJmOi6k0WEevLb&thread=thread_zxmtQuGtUBiTBjwcdOq2y4Jq,2025-03-14 12:24:12,12
2025-03-14 12:24:13,https://platform.openai.com/playground/assistants?assistant=asst_oQUqZ2ll9WJJmOi6k0WEevLb&thread=thread_zxmtQuGtUBiTBjwcdOq2y4Jq,2025-03-14 12:24:13,12
2025-03-14 12:24:30,https://platform.openai.com/playground/assistants?assistant=asst_oQUqZ2ll9WJJmOi6k0WEevLb,2025-03-14 12:24:30,12
2025-03-14 12:24:39,https://platform.openai.com/playground/assistants?assistant=asst_oQUqZ2ll9WJJmOi6k0WEevLb&thread=thread_KUpGex7ojrPuRm5qX8gz7dI0,2025-03-14 12:24:39,12
2025-03-14 12:27:00,https://www.google.com/search?q=classifiers+mistral&oq=classifiers+mistral&gs_lcrp=EgZjaHJvbWUyBggAEEUYOTIHCAEQIRigATIHCAIQIRigATIHCAMQIRigATIHCAQQIRigATIHCAUQIRigATIHCAYQIRifBTIHCAcQIRifBTIHCAgQIRifBTIHCAkQIRifBdIBCDMxNTNqMWo5qAIAsAIB&sourceid=chrome&ie=UTF-8,2025-03-14 12:27:00,12
2025-03-14 12:27:03,https://docs.mistral.ai/getting-started/models/models_overview/,2025-03-14 12:27:03,12
2025-03-14 12:27:10,https://docs.mistral.ai/capabilities/structured-output/structured_output_overview/,2025-03-14 12:27:10,12
2025-03-14 12:27:19,https://docs.mistral.ai/capabilities/structured-output/custom_structured_output/,2025-03-14 12:27:19,12
2025-03-14 12:27:28,https://docs.mistral.ai/capabilities/predicted-outputs/,2025-03-14 12:27:28,12
2025-03-14 12:27:39,https://docs.mistral.ai/capabilities/embeddings/#classification,2025-03-14 12:27:39,12
2025-03-14 12:28:04,https://docs.mistral.ai/guides/prompting_capabilities/#classification,2025-03-14 12:28:04,12
2025-03-14 12:30:31,https://console.mistral.ai/build/agents/ag:ead179eb:20250314:untitled-agent:2f7f6402,2025-03-14 12:30:31,12
2025-03-14 12:30:33,https://console.mistral.ai/build/agents,2025-03-14 12:30:33,12
2025-03-14 12:30:33,https://console.mistral.ai/build/agents,2025-03-14 12:30:33,12
2025-03-14 12:30:35,https://console.mistral.ai/build/agents/new,2025-03-14 12:30:35,12
2025-03-14 12:38:07,https://console.mistral.ai/build/agents/ag:ead179eb:20250314:materialornot:7aad542f,2025-03-14 12:38:07,12
2025-03-14 12:50:54,https://console.mistral.ai/usage,2025-03-14 12:50:54,12
2025-03-14 12:51:31,https://console.mistral.ai/usage,2025-03-14 12:51:31,12
2025-03-14 12:51:38,https://console.mistral.ai/usage/completion/open-mistral-nemo/03/2025,2025-03-14 12:51:38,12
2025-03-14 12:51:44,https://console.mistral.ai/usage,2025-03-14 12:51:44,12
2025-03-14 12:51:44,https://console.mistral.ai/usage,2025-03-14 12:51:44,12
2025-03-14 12:52:53,https://console.mistral.ai/usage,2025-03-14 12:52:53,12
2025-03-14 12:52:57,https://console.mistral.ai/usage/completion/open-mistral-nemo/03/2025,2025-03-14 12:52:57,12
2025-03-14 12:53:01,https://console.mistral.ai/usage,2025-03-14 12:53:01,12
2025-03-14 12:53:01,https://console.mistral.ai/usage,2025-03-14 12:53:01,12
2025-03-14 12:53:12,https://admin.mistral.ai/plateforme/limits,2025-03-14 12:53:12,12
2025-03-14 12:58:54,https://docs.mistral.ai/capabilities/embeddings/#batch-processing,2025-03-14 12:58:54,12
2025-03-14 12:59:11,https://docs.mistral.ai/capabilities/batch/,2025-03-14 12:59:11,12
2025-03-14 12:59:51,https://docs.mistral.ai/capabilities/agents/,2025-03-14 12:59:51,12
2025-03-14 12:59:56,https://docs.mistral.ai/capabilities/agents/#the-agent-api,2025-03-14 12:59:56,12
2025-03-14 13:00:02,https://docs.mistral.ai/capabilities/batch/,2025-03-14 13:00:02,13
2025-03-14 13:01:06,https://docs.mistral.ai/capabilities/agents/#use-an-agent,2025-03-14 13:01:06,13
2025-03-14 13:01:20,https://docs.mistral.ai/capabilities/batch/,2025-03-14 13:01:20,13
2025-03-14 13:02:31,https://docs.mistral.ai/capabilities/batch/,2025-03-14 13:02:31,13
2025-03-14 13:02:35,https://docs.mistral.ai/api/,2025-03-14 13:02:35,13
2025-03-14 13:02:38,https://docs.mistral.ai/api/#tag/batch,2025-03-14 13:02:38,13
2025-03-14 13:02:44,https://docs.mistral.ai/api/#tag/batch/operation/jobs_api_routes_batch_get_batch_jobs,2025-03-14 13:02:44,13
2025-03-14 13:02:47,https://docs.mistral.ai/api/#tag/batch/operation/jobs_api_routes_batch_create_batch_job,2025-03-14 13:02:47,13
2025-03-14 13:02:58,https://docs.mistral.ai/api/#tag/batch/operation/jobs_api_routes_batch_get_batch_job,2025-03-14 13:02:58,13
2025-03-14 13:03:03,https://docs.mistral.ai/api/#tag/batch/operation/jobs_api_routes_batch_cancel_batch_job,2025-03-14 13:03:03,13
2025-03-14 13:03:07,https://docs.mistral.ai/api/#tag/ocr,2025-03-14 13:03:07,13
2025-03-14 13:03:07,https://docs.mistral.ai/api/#tag/ocr/operation/ocr_v1_ocr_post,2025-03-14 13:03:07,13
2025-03-14 13:03:09,https://docs.mistral.ai/api/#tag/ocr,2025-03-14 13:03:09,13
2025-03-14 13:03:09,https://docs.mistral.ai/api/#tag/batch/operation/jobs_api_routes_batch_cancel_batch_job,2025-03-14 13:03:09,13
2025-03-14 13:03:10,https://docs.mistral.ai/api/#tag/batch/operation/jobs_api_routes_batch_get_batch_job,2025-03-14 13:03:10,13
2025-03-14 13:03:11,https://docs.mistral.ai/api/#tag/batch/operation/jobs_api_routes_batch_cancel_batch_job,2025-03-14 13:03:11,13
2025-03-14 13:03:12,https://docs.mistral.ai/api/#tag/ocr,2025-03-14 13:03:12,13
2025-03-14 13:03:12,https://docs.mistral.ai/api/#tag/ocr/operation/ocr_v1_ocr_post,2025-03-14 13:03:12,13
2025-03-14 13:03:38,https://docs.mistral.ai/api/#tag/ocr,2025-03-14 13:03:38,13
2025-03-14 13:03:39,https://docs.mistral.ai/api/#tag/batch/operation/jobs_api_routes_batch_cancel_batch_job,2025-03-14 13:03:39,13
2025-03-14 13:03:43,https://docs.mistral.ai/api/#tag/batch/operation/jobs_api_routes_batch_get_batch_job,2025-03-14 13:03:43,13
2025-03-14 13:03:45,https://docs.mistral.ai/api/#tag/batch/operation/jobs_api_routes_batch_create_batch_job,2025-03-14 13:03:45,13
2025-03-14 13:03:57,https://docs.mistral.ai/api/#tag/batch/operation/jobs_api_routes_batch_get_batch_jobs,2025-03-14 13:03:57,13
2025-03-14 13:04:05,https://docs.mistral.ai/api/#tag/batch,2025-03-14 13:04:05,13
2025-03-14 13:04:05,https://docs.mistral.ai/api/#tag/models/operation/jobs_api_routes_fine_tuning_unarchive_fine_tuned_model,2025-03-14 13:04:05,13
2025-03-14 13:04:06,https://docs.mistral.ai/api/#tag/models/operation/jobs_api_routes_fine_tuning_archive_fine_tuned_model,2025-03-14 13:04:06,13
2025-03-14 13:04:07,https://docs.mistral.ai/api/#tag/models/operation/jobs_api_routes_fine_tuning_update_fine_tuned_model,2025-03-14 13:04:07,13
2025-03-14 13:04:08,https://docs.mistral.ai/api/#tag/models/operation/delete_model_v1_models__model_id__delete,2025-03-14 13:04:08,13
2025-03-14 13:04:09,https://docs.mistral.ai/api/#tag/models/operation/retrieve_model_v1_models__model_id__get,2025-03-14 13:04:09,13
2025-03-14 13:04:09,https://docs.mistral.ai/api/#tag/models/operation/list_models_v1_models_get,2025-03-14 13:04:09,13
2025-03-14 13:04:10,https://docs.mistral.ai/api/#tag/models,2025-03-14 13:04:10,13
2025-03-14 13:04:10,https://docs.mistral.ai/api/#tag/fine-tuning/operation/jobs_api_routes_fine_tuning_start_fine_tuning_job,2025-03-14 13:04:10,13
2025-03-14 13:04:11,https://docs.mistral.ai/api/#tag/fine-tuning/operation/jobs_api_routes_fine_tuning_cancel_fine_tuning_job,2025-03-14 13:04:11,13
2025-03-14 13:04:12,https://docs.mistral.ai/api/#tag/fine-tuning/operation/jobs_api_routes_fine_tuning_get_fine_tuning_job,2025-03-14 13:04:12,13
2025-03-14 13:04:13,https://docs.mistral.ai/api/#tag/fine-tuning/operation/jobs_api_routes_fine_tuning_create_fine_tuning_job,2025-03-14 13:04:13,13
2025-03-14 13:04:14,https://docs.mistral.ai/api/#tag/fine-tuning/operation/jobs_api_routes_fine_tuning_get_fine_tuning_jobs,2025-03-14 13:04:14,13
2025-03-14 13:04:30,https://docs.mistral.ai/,2025-03-14 13:04:30,13
2025-03-14 13:04:35,https://docs.mistral.ai/capabilities/batch/,2025-03-14 13:04:35,13
2025-03-14 13:06:02,https://gmail.com/,2025-03-14 13:06:02,13
2025-03-14 13:06:02,https://mail.google.com/mail/u/0/,2025-03-14 13:06:02,13
2025-03-14 13:06:03,https://mail.google.com/mail/u/0/#inbox,2025-03-14 13:06:03,13
2025-03-14 13:10:50,https://docs.mistral.ai/capabilities/batch/#prepare-and-upload-your-batch,2025-03-14 13:10:50,13
2025-03-14 13:11:20,https://www.usatoday.com/,2025-03-14 13:11:20,13
2025-03-14 13:11:31,https://hp.taboola.com/usatodaydemo/log/3/click?pi=%2F&ri=2e8ac7759da4c83e05d2b22f386b3f8b&sd=v2_300defacf87ff34f72c941505daebfe0_684b2dba-10ed-4c7e-9e6c-cc0c35f842b3-tuctb1160a1_1741983080_1741983084_CIi3jgYQkAkY57-hstkyIAEoAzDhATiRpA5A2-0PSNjY2ANQswZYAGCgH2jstY-rt9617aIBcAGAAQA&ui=684b2dba-10ed-4c7e-9e6c-cc0c35f842b3-tuctb1160a1&ii=~~V1~~5775549745030752955~~Qt7WwQmygGqLRLOrQqbBng&it=text&pt=home&li=rbox-h2v&sig=f5203b2e3972ff06c4b3660f532c021b588bcf356ea5&vi=1741983080423&lti=trecs&r=863&tvi2=24189&tvi48=14790&tvi50=16335&tvi61=24234&tvi62=18148&ppb=CMQF&cpb=EhIyMDI1MDMxMy03LVJFTEVBU0UYjwEgnP__________ASoZY2gudGFib29sYXN5bmRpY2F0aW9uLmNvbTIIdHJjODA0NjY4gKLTvgRAkaQOSNvtD1DY2NgDWLMGYwixlgEQ_bwBGAJkYwjXFhDVHxgjZGMIn5ABEM-1ARgkZGMI0gMQ4AYYCGRjCIVCEKlXGA9kYwikJxCDNRgvZGMI01cQxnMYMGRjCI1aEM9_GDJkYwjKLhCRPhgzZGMI8iQQ65EBGBRkYwi7aBDBhwEYFmRjCJYUEJkcGBhkYwiohQEQ7agBGDpkYwjGThD9Zxg8ZGMIzpYBEKq9ARg9ZGMIg24Q5I0BGD5kYwj0FBCeHRgfZHgBgAGN2wGIAZ_226sFkAEXmAG03KGy2TLbAQo4eS1hdjhIcTZoRzJ1Sllpc19Nc3FMdDJZYlNXdVdOWjAxNG9td0VaLkh2VmQzdk12WTFPdy0tLUEQAdwB&cv=20250313-7-RELEASE&route=LA%3ACH%3AV&pc=1&url=https%3A%2F%2Fwww.usatoday.com%2Fstory%2Fnews%2Fpolitics%2F2025%2F03%2F14%2Fhegseth-military-fitness-standards-women%2F82400625007%2F%3Ftbref%3Dhp,2025-03-14 13:11:31,13
2025-03-14 13:11:31,https://www.usatoday.com/story/news/politics/2025/03/14/hegseth-military-fitness-standards-women/82400625007/?tbref=hp,2025-03-14 13:11:31,13
2025-03-14 13:13:09,https://www.usatoday.com/,2025-03-14 13:13:09,13
2025-03-14 13:13:17,https://theatlantic.com/,2025-03-14 13:13:17,13
2025-03-14 13:13:17,https://www.theatlantic.com/,2025-03-14 13:13:17,13
2025-03-14 13:13:25,https://www.theatlantic.com/technology/archive/2025/03/generative-ai-agents/682050/,2025-03-14 13:13:25,13
2025-03-14 13:13:25,https://www.theatlantic.com/politics/archive/2025/03/republicans-doge-musk-trump/682042/,2025-03-14 13:13:25,13
2025-03-14 13:17:12,https://www.theatlantic.com/politics/archive/2025/03/democrats-man-problem/682029/,2025-03-14 13:17:12,13
2025-03-14 13:17:29,https://www.theatlantic.com/politics/archive/2025/03/democrats-man-problem/682029/,2025-03-14 13:17:29,13
2025-03-14 13:17:31,https://www.usatoday.com/,2025-03-14 13:17:31,13
2025-03-14 13:17:54,https://admin.mistral.ai/plateforme/subscription,2025-03-14 13:17:54,13
2025-03-14 13:18:01,https://docs.mistral.ai/api/#tag/fine-tuning,2025-03-14 13:18:01,13
2025-03-14 13:18:01,https://docs.mistral.ai/api/#tag/files/operation/files_api_routes_get_signed_url,2025-03-14 13:18:01,13
2025-03-14 13:18:01,https://docs.mistral.ai/api/#tag/files/operation/files_api_routes_download_file,2025-03-14 13:18:01,13
2025-03-14 13:18:01,https://docs.mistral.ai/api/#tag/files/operation/files_api_routes_delete_file,2025-03-14 13:18:01,13
2025-03-14 13:18:11,https://chatgpt.com/?model=o3-mini-high,2025-03-14 13:18:11,13
2025-03-14 13:20:34,https://docs.mistral.ai/api/#tag/files/operation/files_api_routes_retrieve_file,2025-03-14 13:20:34,13
2025-03-14 13:20:34,https://docs.mistral.ai/api/#tag/files/operation/files_api_routes_list_files,2025-03-14 13:20:34,13
2025-03-14 13:20:35,https://docs.mistral.ai/api/#tag/files/operation/files_api_routes_upload_file,2025-03-14 13:20:35,13
2025-03-14 13:20:35,https://docs.mistral.ai/api/#tag/files,2025-03-14 13:20:35,13
2025-03-14 13:20:35,https://docs.mistral.ai/api/#tag/classifiers/operation/moderations_chat_v1_chat_moderations_post,2025-03-14 13:20:35,13
2025-03-14 13:20:36,https://docs.mistral.ai/api/#tag/classifiers/operation/moderations_v1_moderations_post,2025-03-14 13:20:36,13
2025-03-14 13:20:36,https://docs.mistral.ai/api/#tag/classifiers,2025-03-14 13:20:36,13
2025-03-14 13:20:37,https://docs.mistral.ai/api/#tag/embeddings/operation/embeddings_v1_embeddings_post,2025-03-14 13:20:37,13
2025-03-14 13:20:37,https://docs.mistral.ai/api/#tag/embeddings,2025-03-14 13:20:37,13
2025-03-14 13:20:43,https://console.mistral.ai/,2025-03-14 13:20:43,13
2025-03-14 13:20:43,https://console.mistral.ai/home,2025-03-14 13:20:43,13
2025-03-14 13:20:45,https://console.mistral.ai/build/agents/new,2025-03-14 13:20:45,13
2025-03-14 13:20:49,https://console.mistral.ai/build/agents,2025-03-14 13:20:49,13
2025-03-14 13:20:52,https://console.mistral.ai/build/agents/ag:ead179eb:20250314:materialornot:7aad542f,2025-03-14 13:20:52,13
2025-03-14 13:23:35,https://chatgpt.com/c/67d49047-11e4-800e-9a9e-53484933281a,2025-03-14 13:23:35,13
2025-03-14 13:23:44,https://gmail.com/,2025-03-14 13:23:44,13
2025-03-14 13:23:44,https://mail.google.com/mail/u/0/,2025-03-14 13:23:44,13
2025-03-14 13:23:45,https://mail.google.com/mail/u/0/#inbox,2025-03-14 13:23:45,13
2025-03-14 13:23:49,https://www.cnn.com/,2025-03-14 13:23:49,13
2025-03-14 13:25:32,https://messages.google.com/web/conversations,2025-03-14 13:25:32,13
2025-03-14 13:26:24,http://localhost:8889/notebooks/Untitled1.ipynb,2025-03-14 13:26:24,13
2025-03-14 13:35:04,https://operator.chatgpt.com/?utm_source=chatgpt,2025-03-14 13:35:04,13
2025-03-14 13:35:24,https://gmail.com/,2025-03-14 13:35:24,13
2025-03-14 13:35:24,https://mail.google.com/mail/u/0/,2025-03-14 13:35:24,13
2025-03-14 13:35:24,https://mail.google.com/mail/u/0/#inbox,2025-03-14 13:35:24,13
2025-03-14 13:36:04,https://mail.google.com/mail/u/0/popout?ver=k9e5f2ay6ml1&search=inbox&th=%23thread-f%3A1826233920439627058&cvid=1,2025-03-14 13:36:04,13
2025-03-14 13:36:08,https://mail.google.com/mail/u/0/popout?ver=k9e5f2ay6ml1&search=inbox&th=%23thread-f%3A1826232054324818304&cvid=2,2025-03-14 13:36:08,13
2025-03-14 13:36:33,file:///Users/skylardeture/Downloads/Complaint%20for%20Money%20Owed.pdf,2025-03-14 13:36:33,13
2025-03-14 13:37:07,file:///Users/skylardeture/Downloads/Magistrate%20Summons.pdf,2025-03-14 13:37:07,13
2025-03-14 13:38:24,https://www.google.com/search?q=how+to+serve+small+claims+court+onslow+county&oq=how+to+serve+small+claims+court+onslow+county&gs_lcrp=EgZjaHJvbWUyBggAEEUYOTIHCAEQIRigATIHCAIQIRigATIHCAMQIRirAtIBCDY5NTlqMWo0qAIAsAIB&sourceid=chrome&ie=UTF-8,2025-03-14 13:38:24,13
2025-03-14 13:38:33,https://www.nccourts.gov/help-topics/lawsuits-and-small-claims/small-claims,2025-03-14 13:38:33,13
2025-03-14 13:38:37,https://www.nccourts.gov/help-topics/lawsuits-and-small-claims/small-claims#filing-a-case-6633,2025-03-14 13:38:37,13
2025-03-14 13:40:00,file:///Users/skylardeture/Downloads/OGF%20-%20Servicemembers%20Civil%20Relief%20Act%20Declaration%20(AOC-G-250)%20Document--DEF%201%20(1).pdf,2025-03-14 13:40:00,13
2025-03-14 13:40:10,file:///Users/skylardeture/Downloads/Complaint%20for%20Money%20Owed%20(1).pdf,2025-03-14 13:40:10,13
2025-03-14 13:40:28,https://mail.google.com/mail/u/0/#inbox/FMfcgzQZTgQFJwddWNsSdJlHDSQpDQKl,2025-03-14 13:40:28,13
2025-03-14 13:40:37,https://mail.google.com/mail/u/0/#inbox,2025-03-14 13:40:37,13
2025-03-14 13:40:47,https://mail.google.com/mail/u/0/#search/serve/FMfcgzQZTgQDznZqsTjrmnnhSlPtRqzm,2025-03-14 13:40:47,13
2025-03-14 13:40:55,https://mail.google.com/mail/u/0/#search/serve+sheriff,2025-03-14 13:40:55,13
2025-03-14 13:41:07,https://www.google.com/search?q=sheriff+onslow+county+small+claims&oq=sheriff+onslow+county+small+claims&gs_lcrp=EgZjaHJvbWUyBggAEEUYOTIHCAEQIRigATIHCAIQIRigAdIBCDc0OThqMWo0qAIAsAIB&sourceid=chrome&ie=UTF-8,2025-03-14 13:41:07,13
2025-03-14 13:41:10,https://www.nccourts.gov/help-topics/lawsuits-and-small-claims/small-claims,2025-03-14 13:41:10,13
2025-03-14 13:41:13,"https://www.nccourts.gov/help-topics/lawsuits-and-small-claims/small-claims#:~:text=eCourts%20Guide%20&%20File%20is%20available,this%20form%20can%20be%20used.&text=Three%20copies%20of%20the%20Magistrate,indigent%20by%20using%20this%20form.",2025-03-14 13:41:13,13
2025-03-14 13:41:24,https://www.onslowcountync.gov/2139/Sheriffs-Office,2025-03-14 13:41:24,13
2025-03-14 13:41:32,https://www.onslowcountync.gov/Search?searchPhrase=serve%20papers,2025-03-14 13:41:32,13
2025-03-14 13:41:33,https://www.onslowcountync.gov/Search?searchPhrase=serve%20papers&pageNumber=1&perPage=10&departmentId=-1,2025-03-14 13:41:33,13
2025-03-14 13:41:45,https://www.nccourts.gov/help-topics/lawsuits-and-small-claims/small-claims#the-court-process-6642,2025-03-14 13:41:45,13
2025-03-14 13:41:55,https://northcarolina.tylertech.cloud/SRL/,2025-03-14 13:41:55,13
2025-03-14 13:41:56,https://legalaidnc.org/resource/a-guide-to-small-claims-court/,2025-03-14 13:41:56,13
2025-03-14 13:42:18,https://www.nccourts.gov/services,2025-03-14 13:42:18,13
2025-03-14 13:42:26,https://www.nccourts.gov/documents/forms,2025-03-14 13:42:26,13
2025-03-14 13:44:00,https://www.onslowcountync.gov/Search?searchPhrase=serve%20papers,2025-03-14 13:44:00,13
2025-03-14 13:44:01,https://www.onslowcountync.gov/2139/Sheriffs-Office,2025-03-14 13:44:01,13
2025-03-14 13:44:02,https://www.google.com/search?q=sheriff+onslow+county+small+claims&oq=sheriff+onslow+county+small+claims&gs_lcrp=EgZjaHJvbWUyBggAEEUYOTIHCAEQIRigATIHCAIQIRigAdIBCDc0OThqMWo0qAIAsAIB&sourceid=chrome&ie=UTF-8,2025-03-14 13:44:02,13
2025-03-14 13:44:06,https://www.onslowcountync.gov/2139/Sheriffs-Office,2025-03-14 13:44:06,13
2025-03-14 13:46:07,https://messages.google.com/web/conversations/48,2025-03-14 13:46:07,13
2025-03-14 13:48:44,https://gmail.com/,2025-03-14 13:48:44,13
2025-03-14 13:48:44,https://mail.google.com/mail/u/0/,2025-03-14 13:48:44,13
2025-03-14 13:48:45,https://mail.google.com/mail/u/0/#inbox,2025-03-14 13:48:45,13
2025-03-14 13:49:32,https://mail.google.com/mail/u/0/#search/tyler/FMfcgzQZTgQFJxnPswCVbScpSmZtRrpq,2025-03-14 13:49:32,13
2025-03-14 13:53:37,file:///Users/skylardeture/Downloads/Magistrate%20Summons.pdf,2025-03-14 13:53:37,13
2025-03-14 13:53:58,file:///Users/skylardeture/Downloads/Magistrate%20Summons.pdf,2025-03-14 13:53:58,13
2025-03-14 13:55:30,https://operator.chatgpt.com/c/67d497c14cd08191a2503e91e640e734,2025-03-14 13:55:30,13
2025-03-14 13:55:47,https://gmail.com/,2025-03-14 13:55:47,13
2025-03-14 13:55:47,https://mail.google.com/mail/u/0/,2025-03-14 13:55:47,13
2025-03-14 13:55:48,https://mail.google.com/mail/u/0/#inbox,2025-03-14 13:55:48,13
2025-03-14 14:00:15,https://operator.chatgpt.com/,2025-03-14 14:00:15,14
2025-03-14 14:00:18,https://operator.chatgpt.com/c/67d497c14cd08191a2503e91e640e734,2025-03-14 14:00:18,14
2025-03-14 14:01:52,https://www.google.com/search?q=service+by+certified+mail&oq=service+by+cert&gs_lcrp=EgZjaHJvbWUqBwgAEAAYgAQyBwgAEAAYgAQyBwgBEAAYgAQyBggCEEUYOTIHCAMQABiABDIHCAQQABiABDIHCAUQABiABDIMCAYQABgUGIcCGIAEMgcIBxAAGIAEMggICBAAGBYYHjIICAkQABgWGB7SAQg0NjQzajFqNKgCALACAQ&sourceid=chrome&ie=UTF-8,2025-03-14 14:01:52,14
2025-03-14 14:02:02,https://www.google.com/search?q=service+by+certified+mail+NC&sca_esv=a580a06c1c5e8a8f&sxsrf=AHTn8zqyKOpHAQ1NOVUE6--mCJW75zf9Bg%3A1741986112109&ei=QJnUZ9SpBu6j0PEPkazr8AE&ved=0ahUKEwjUyan7u4qMAxXuETQIHRHWGh4Q4dUDCBA&uact=5&oq=service+by+certified+mail+NC&gs_lp=Egxnd3Mtd2l6LXNlcnAiHHNlcnZpY2UgYnkgY2VydGlmaWVkIG1haWwgTkMyBhAAGBYYHjILEAAYgAQYhgMYigUyCxAAGIAEGIYDGIoFMgUQABjvBTIFEAAY7wUyCBAAGIAEGKIEMgUQABjvBTIFEAAY7wVIjwhQtgJY2QVwAXgBkAEAmAFSoAHkAaoBATO4AQPIAQD4AQGYAgSgAv8BwgIKEAAYsAMY1gQYR8ICBRAAGIAEwgILEAAYgAQYkQIYigXCAggQABiiBBiJBZgDAIgGAZAGCJIHATSgB9wT&sclient=gws-wiz-serp,2025-03-14 14:02:02,14
2025-03-14 14:02:11,https://www.nccourts.gov/assets/inline-files/Serviceproof.pdf?rFwb4F8_7Ugwv2XCoD8CvdrkC0IwHR2S=,2025-03-14 14:02:11,14
2025-03-14 14:03:25,https://www.google.com/search?q=service+by+certified+mail+NC&sca_esv=a580a06c1c5e8a8f&sxsrf=AHTn8zqyKOpHAQ1NOVUE6--mCJW75zf9Bg%3A1741986112109&ei=QJnUZ9SpBu6j0PEPkazr8AE&ved=0ahUKEwjUyan7u4qMAxXuETQIHRHWGh4Q4dUDCBA&uact=5&oq=service+by+certified+mail+NC&gs_lp=Egxnd3Mtd2l6LXNlcnAiHHNlcnZpY2UgYnkgY2VydGlmaWVkIG1haWwgTkMyBhAAGBYYHjILEAAYgAQYhgMYigUyCxAAGIAEGIYDGIoFMgUQABjvBTIFEAAY7wUyCBAAGIAEGKIEMgUQABjvBTIFEAAY7wVIjwhQtgJY2QVwAXgBkAEAmAFSoAHkAaoBATO4AQPIAQD4AQGYAgSgAv8BwgIKEAAYsAMY1gQYR8ICBRAAGIAEwgILEAAYgAQYkQIYigXCAggQABiiBBiJBZgDAIgGAZAGCJIHATSgB9wT&sclient=gws-wiz-serp,2025-03-14 14:03:25,14
2025-03-14 14:04:31,https://legalaidnc.org/wp-content/uploads/2022/08/GUIDE-TO-SMALL-CLAIMS-COURT.pdf,2025-03-14 14:04:31,14
2025-03-14 14:14:34,https://www.google.com/search?q=oslow+county+small+claims+lawyers&oq=oslow+county+small+claims+lawyers&gs_lcrp=EgZjaHJvbWUyBggAEEUYOTIJCAEQIRgKGKABMgkIAhAhGAoYoAEyCQgDECEYChigATIJCAQQIRgKGKABMgkIBRAhGAoYoAEyBwgGECEYqwLSAQg2MTM3ajFqNKgCALACAQ&sourceid=chrome&ie=UTF-8,2025-03-14 14:14:34,14
2025-03-14 14:14:41,https://www.googleadservices.com/pagead/aclk?sa=L&ai=DChcSEwjk743nvoqMAxVZzMIEHUAyEO4YABADGgJwdg&co=1&gclid=CjwKCAjwp8--BhBREiwAj7og1867BDkhZ6tHgTHbya5XJnlSuxp0RQBFB5753VCuQiotCd_2EgGiJhoCq8oQAvD_BwE&ohost=www.google.com&cid=CAESV-D2xuKBPdd_QVEz_2N_4TRsPy1T47Va30L6OUZaHjx22dPyoQltQ2EC0gPmmvyJw1up3kplogoJ4sAUee-ir0uCiVshMeKc1ChtFEnrRt9b8uza_P51qA&sig=AOD64_0w1BZbjtXSuDfXDXCXdAs3FGOyJw&q&adurl&ved=2ahUKEwiprYjnvoqMAxXiEzQIHZTtBxoQ0Qx6BAgMEAE&nis=7,2025-03-14 14:14:41,14
2025-03-14 14:14:41,https://capejustice.com/?utm_adgroup=Cheap_Small-Claim_Lawyer&utm_campaignid=19003001037&utm_term=cheap%20small%20claims%20lawyer&utm_campaign=g_ge-us_st-tx_generics_desktop&utm_source=adwords&utm_medium=ppc&utm_geophysical=9207230&utm_geointerest=9060008&hsa_acc=2804788235&hsa_cam=19003001037&hsa_grp=148107556044&hsa_ad=686180256143&hsa_src=g&hsa_tgt=kwd-382215799879&hsa_kw=cheap%20small%20claims%20lawyer&hsa_mt=b&hsa_net=adwords&hsa_ver=3&gad_source=1&gclid=CjwKCAjwp8--BhBREiwAj7og1867BDkhZ6tHgTHbya5XJnlSuxp0RQBFB5753VCuQiotCd_2EgGiJhoCq8oQAvD_BwE,2025-03-14 14:14:41,14
2025-03-14 14:14:42,https://www.mewbornlaw.biz/civil-disputes/,2025-03-14 14:14:42,14
2025-03-14 14:14:43,https://capejustice.com/,2025-03-14 14:14:43,14
2025-03-14 14:14:46,https://www.justia.com/lawyers/north-carolina/onslow-county,2025-03-14 14:14:46,14
2025-03-14 14:14:48,https://www.yelp.com/search?find_desc=Small+Claims+Lawyer&find_loc=Jacksonville%2C+NC,2025-03-14 14:14:48,14
2025-03-14 14:14:48,https://www.tjaverylaw.com/other-practice-areas/civil-litigation/,2025-03-14 14:14:48,14
2025-03-14 14:15:04,https://app.capejustice.com/registration-intro?categoryType=Other,2025-03-14 14:15:04,14
2025-03-14 14:15:16,https://www.mewbornlaw.biz/civil-disputes/,2025-03-14 14:15:16,14
2025-03-14 14:16:18,https://lawyers.justia.com/lawyer/amanda-bowden-johnson-1494264,2025-03-14 14:16:18,14
2025-03-14 14:16:44,https://www.justia.com/lawyers/north-carolina/onslow-county,2025-03-14 14:16:44,14
2025-03-14 14:18:23,https://lawyers.justia.com/lawyer/ms-molly-m-schertzinger-1498493,2025-03-14 14:18:23,14
2025-03-14 14:18:28,https://www.justia.com/lawyers/north-carolina/onslow-county,2025-03-14 14:18:28,14
2025-03-14 14:18:42,https://www.justia.com/lawyers/north-carolina/onslow-county?free_consultation=1,2025-03-14 14:18:42,14
2025-03-14 14:19:50,https://lawyers.justia.com/lawyer/leah-king-867073,2025-03-14 14:19:50,14
2025-03-14 14:20:04,https://www.justia.com/lawyers/north-carolina/onslow-county?free_consultation=1,2025-03-14 14:20:04,14
2025-03-14 14:20:26,https://www.justia.com/lawyers/north-carolina/onslow-county,2025-03-14 14:20:26,14
2025-03-14 14:21:30,https://capejustice.com/,2025-03-14 14:21:30,14
2025-03-14 14:25:11,https://chat.openai.com/chat,2025-03-14 14:25:11,14
2025-03-14 14:25:11,https://chatgpt.com/chat,2025-03-14 14:25:11,14
2025-03-14 14:25:11,https://chatgpt.com/,2025-03-14 14:25:11,14
2025-03-14 14:25:43,https://chatgpt.com/c/67d49ed6-74d8-800e-bbb5-f2105df3f7fb,2025-03-14 14:25:43,14
2025-03-14 14:26:13,https://chatgpt.com/c/67ca0681-6980-800e-b61d-a6ac8cf1b574,2025-03-14 14:26:13,14
2025-03-14 14:26:20,https://chatgpt.com/c/67c7e516-fc20-800e-9eb5-3ab686641ecd,2025-03-14 14:26:20,14
2025-03-14 14:30:17,https://chatgpt.com/c/67d49047-11e4-800e-9a9e-53484933281a?model=gpt-4o,2025-03-14 14:30:17,14
2025-03-14 14:34:13,https://www.mewbornlaw.biz/thank-you,2025-03-14 14:34:13,14
2025-03-14 14:34:13,https://www.mewbornlaw.biz/thank-you/?,2025-03-14 14:34:13,14
2025-03-14 14:34:23,https://www.tjaverylaw.com/contact-us/,2025-03-14 14:34:23,14
2025-03-14 14:34:58,https://www.tjaverylaw.com/contact-us/thank-you/,2025-03-14 14:34:58,14
2025-03-14 14:35:01,https://www.tjaverylaw.com/,2025-03-14 14:35:01,14
2025-03-14 14:35:12,https://mail.google.com/mail/u/0/#inbox/FMfcgzQZTgVpblMFptxGFtLHNlkcDWpg,2025-03-14 14:35:12,14
2025-03-14 14:35:49,https://console.mistral.ai/build/agents,2025-03-14 14:35:49,14
2025-03-14 14:35:51,https://console.mistral.ai/build/agents/ag:ead179eb:20250314:untitled-agent:2f7f6402,2025-03-14 14:35:51,14
2025-03-14 14:35:57,https://console.mistral.ai/usage,2025-03-14 14:35:57,14
2025-03-14 14:38:57,https://www.usatoday.com/,2025-03-14 14:38:57,14
2025-03-14 14:39:19,https://www.cnn.com/,2025-03-14 14:39:19,14
2025-03-14 14:57:01,https://chat.openai.com/chat,2025-03-14 14:57:01,14
2025-03-14 14:57:01,https://chatgpt.com/chat,2025-03-14 14:57:01,14
2025-03-14 14:57:01,https://chatgpt.com/,2025-03-14 14:57:01,14
2025-03-14 14:57:08,https://chatgpt.com/g/g-48bv2Thom-ai-cooking-assistant/c/67cf810a-8590-800e-9a68-7e34507f1c8e,2025-03-14 14:57:08,14
2025-03-14 14:59:16,https://gmail.com/,2025-03-14 14:59:16,14
2025-03-14 14:59:16,https://mail.google.com/mail/u/0/,2025-03-14 14:59:16,14
2025-03-14 14:59:17,https://mail.google.com/mail/u/0/#inbox,2025-03-14 14:59:17,14
2025-03-14 14:59:27,https://www.usatoday.com/,2025-03-14 14:59:27,14
2025-03-14 15:04:12,https://chatgpt.com/c/67d49047-11e4-800e-9a9e-53484933281a?model=o3-mini-high,2025-03-14 15:04:12,15
2025-03-14 15:21:48,https://console.mistral.ai/usage,2025-03-14 15:21:48,15
2025-03-14 15:26:15,https://console.mistral.ai/build/agents,2025-03-14 15:26:15,15
2025-03-14 15:26:19,https://console.mistral.ai/build/agents/ag:ead179eb:20250314:untitled-agent:2f7f6402,2025-03-14 15:26:19,15
2025-03-14 15:26:22,https://www.cnn.com/?refresh=1,2025-03-14 15:26:22,15
2025-03-14 15:27:02,https://gmail.com/,2025-03-14 15:27:02,15
2025-03-14 15:27:02,https://mail.google.com/mail/u/0/,2025-03-14 15:27:02,15
2025-03-14 15:27:03,https://mail.google.com/mail/u/0/#inbox,2025-03-14 15:27:03,15
2025-03-14 15:27:09,https://mail.google.com/mail/u/0/#spam,2025-03-14 15:27:09,15
2025-03-14 15:27:14,https://chat.openai.com/chat,2025-03-14 15:27:14,15
2025-03-14 15:27:14,https://chatgpt.com/chat,2025-03-14 15:27:14,15
2025-03-14 15:27:14,https://chatgpt.com/,2025-03-14 15:27:14,15
2025-03-14 15:27:22,https://chatgpt.com/g/g-48bv2Thom-ai-cooking-assistant/c/67cf810a-8590-800e-9a68-7e34507f1c8e,2025-03-14 15:27:22,15
2025-03-14 15:32:48,https://console.mistral.ai/usage,2025-03-14 15:32:48,15
2025-03-14 15:32:55,https://console.mistral.ai/usage/completion/mistral-large-2411/03/2025,2025-03-14 15:32:55,15
2025-03-14 15:32:59,https://console.mistral.ai/usage,2025-03-14 15:32:59,15
2025-03-14 15:32:59,https://console.mistral.ai/usage,2025-03-14 15:32:59,15
2025-03-14 15:33:46,https://console.mistral.ai/usage,2025-03-14 15:33:46,15
2025-03-14 15:33:54,https://console.mistral.ai/usage/completion/mistral-large-2411/03/2025,2025-03-14 15:33:54,15
2025-03-14 15:34:04,https://console.mistral.ai/usage,2025-03-14 15:34:04,15
2025-03-14 15:34:42,https://console.mistral.ai/usage,2025-03-14 15:34:42,15
2025-03-14 15:35:03,https://console.mistral.ai/build/agents,2025-03-14 15:35:03,15
2025-03-14 15:35:06,https://console.mistral.ai/build/agents/ag:ead179eb:20250314:untitled-agent:2f7f6402,2025-03-14 15:35:06,15
2025-03-14 15:35:15,https://docs.mistral.ai/,2025-03-14 15:35:15,15
2025-03-14 15:35:20,https://docs.mistral.ai/#premier-models,2025-03-14 15:35:20,15
2025-03-14 15:35:24,https://mistral.ai/news/pixtral-large/,2025-03-14 15:35:24,15
2025-03-14 15:35:24,https://mistral.ai/news/pixtral-large,2025-03-14 15:35:24,15
2025-03-14 15:35:35,https://mistral.ai/products/la-plateforme,2025-03-14 15:35:35,15
2025-03-14 15:35:56,https://mistral.ai/products/la-plateforme#pricing,2025-03-14 15:35:56,15
2025-03-14 15:36:13,https://www.google.com/search?q=how+many+tokens+in+a+1000+page+book&oq=how+many+tokens+in+a+1000+page+book&gs_lcrp=EgZjaHJvbWUyBggAEEUYOTIHCAEQIRigATIHCAIQIRigATIHCAMQIRigATIHCAQQIRiPAjIHCAUQIRiPAtIBCDU1NDBqMWo0qAIAsAIB&sourceid=chrome&ie=UTF-8,2025-03-14 15:36:13,15
2025-03-14 15:36:51,https://www.usatoday.com/,2025-03-14 15:36:51,15
2025-03-14 15:37:15,https://messages.google.com/web/conversations,2025-03-14 15:37:15,15
2025-03-14 15:37:25,https://lu.ma/iybzxsmj,2025-03-14 15:37:25,15
2025-03-14 15:37:34,https://lu.ma/e/evt-3nivvKXL2yIz3Om,2025-03-14 15:37:34,15
2025-03-14 15:37:34,https://lu.ma/economy3,2025-03-14 15:37:34,15
2025-03-14 15:37:37,https://lu.ma/user/usr-1uYqe4dp5bDD3vX,2025-03-14 15:37:37,15
2025-03-14 15:37:40,https://lu.ma/home,2025-03-14 15:37:40,15
2025-03-14 15:37:44,https://lu.ma/9bx3hw3v,2025-03-14 15:37:44,15
2025-03-14 15:37:44,https://lu.ma/9bx3hw3v?tk=PuD20t,2025-03-14 15:37:44,15
2025-03-14 15:37:48,https://lu.ma/economy3,2025-03-14 15:37:48,15
2025-03-14 15:37:50,https://lu.ma/dhe2xes3,2025-03-14 15:37:50,15
2025-03-14 15:37:51,https://lu.ma/dhe2xes3?tk=0rHKXV,2025-03-14 15:37:51,15
2025-03-14 15:37:55,https://lu.ma/seattle-startup-summit,2025-03-14 15:37:55,15
2025-03-14 15:37:55,https://lu.ma/seattle-startup-summit?tk=4V62D3,2025-03-14 15:37:55,15
2025-03-14 15:37:59,https://lu.ma/discover,2025-03-14 15:37:59,15
2025-03-14 15:40:33,https://www.usatoday.com/,2025-03-14 15:40:33,15
2025-03-14 15:40:59,https://console.mistral.ai/usage,2025-03-14 15:40:59,15
2025-03-14 15:41:07,https://console.mistral.ai/usage/completion/mistral-large-2411/03/2025,2025-03-14 15:41:07,15
2025-03-14 15:41:12,https://console.mistral.ai/usage,2025-03-14 15:41:12,15
2025-03-14 15:42:15,https://lu.ma/seattle?k=p,2025-03-14 15:42:15,15
2025-03-14 15:42:15,https://lu.ma/seattle,2025-03-14 15:42:15,15
2025-03-14 15:42:29,https://lu.ma/mw7ainwf,2025-03-14 15:42:29,15
2025-03-14 15:42:44,https://lu.ma/2nmhba30,2025-03-14 15:42:44,15
2025-03-14 15:42:59,https://lu.ma/loopkitchen3,2025-03-14 15:42:59,15
2025-03-14 15:43:21,https://lu.ma/home/calendars,2025-03-14 15:43:21,15
2025-03-14 15:43:33,https://lu.ma/oss4ai?k=c,2025-03-14 15:43:33,15
2025-03-14 15:43:33,https://lu.ma/oss4ai,2025-03-14 15:43:33,15
2025-03-14 15:43:42,https://lu.ma/kufu3bt7,2025-03-14 15:43:42,15
2025-03-14 15:45:46,https://console.mistral.ai/usage,2025-03-14 15:45:46,15
2025-03-14 15:47:34,https://lu.ma/oss4ai?k=c,2025-03-14 15:47:34,15
2025-03-14 15:47:46,https://www.google.com/search?q=yujian+tang&oq=yujian+tang&gs_lcrp=EgZjaHJvbWUyBggAEEUYOTIICAEQABgWGB4yDQgCEAAYhgMYgAQYigUyBwgDEAAY7wUyCggEEAAYgAQYogQyCggFEAAYgAQYogTSAQgyNDc1ajFqNKgCALACAQ&sourceid=chrome&ie=UTF-8,2025-03-14 15:47:46,15
2025-03-14 15:48:10,https://www.linkedin.com/in/yujiantang,2025-03-14 15:48:10,15
2025-03-14 15:48:10,https://www.linkedin.com/in/yujiantang,2025-03-14 15:48:10,15
2025-03-14 15:48:11,https://www.linkedin.com/in/yujiantang/,2025-03-14 15:48:11,15
2025-03-14 15:48:37,https://www.linkedin.com/in/yujiantang/details/experience/,2025-03-14 15:48:37,15
2025-03-14 15:49:47,https://www.linkedin.com/in/yujiantang/,2025-03-14 15:49:47,15
2025-03-14 15:50:13,https://www.google.com/search?q=gre+percentile+388&oq=gre+percentile+388&gs_lcrp=EgZjaHJvbWUyBggAEEUYOTIHCAEQIRigATIHCAIQIRigATIHCAMQIRigATIHCAQQIRigATIHCAUQIRiPAjIHCAYQIRiPAtIBCDU1MzFqMWo0qAIAsAIB&sourceid=chrome&ie=UTF-8,2025-03-14 15:50:13,15
2025-03-14 15:50:26,https://www.ets.org/pdfs/gre/snapshot-test-taker-data-2015.pdf,2025-03-14 15:50:26,15
2025-03-14 15:50:50,https://www.google.com/search?q=gre+percentile+388&oq=gre+percentile+388&gs_lcrp=EgZjaHJvbWUyBggAEEUYOTIHCAEQIRigATIHCAIQIRigATIHCAMQIRigATIHCAQQIRigATIHCAUQIRiPAjIHCAYQIRiPAtIBCDU1MzFqMWo0qAIAsAIB&sourceid=chrome&ie=UTF-8,2025-03-14 15:50:50,15
2025-03-14 15:50:52,https://www.mbacrystalball.com/gre/gre-score-percentiles/,2025-03-14 15:50:52,15
2025-03-14 15:51:07,https://www.google.com/search?q=gre+percentile+388&oq=gre+percentile+388&gs_lcrp=EgZjaHJvbWUyBggAEEUYOTIHCAEQIRigATIHCAIQIRigATIHCAMQIRigATIHCAQQIRigATIHCAUQIRiPAjIHCAYQIRiPAtIBCDU1MzFqMWo0qAIAsAIB&sourceid=chrome&ie=UTF-8,2025-03-14 15:51:07,15
2025-03-14 15:51:17,https://www.ets.org/Media/Research/pdf/RR-83-20-Hartle.pdf,2025-03-14 15:51:17,15
2025-03-14 15:51:19,https://www.google.com/search?q=gre+percentile+388&oq=gre+percentile+388&gs_lcrp=EgZjaHJvbWUyBggAEEUYOTIHCAEQIRigATIHCAIQIRigATIHCAMQIRigATIHCAQQIRigATIHCAUQIRiPAjIHCAYQIRiPAtIBCDU1MzFqMWo0qAIAsAIB&sourceid=chrome&ie=UTF-8,2025-03-14 15:51:19,15
2025-03-14 15:51:21,https://www.linkedin.com/in/yujiantang/,2025-03-14 15:51:21,15
2025-03-14 15:51:32,https://www.google.com/search?q=338+gre&oq=338+gre&gs_lcrp=EgZjaHJvbWUqDQgAEAAYkQIYgAQYigUyDQgAEAAYkQIYgAQYigUyDQgBEAAYkQIYgAQYigUyDQgCEAAYkQIYgAQYigUyDAgDEAAYFBiHAhiABDIHCAQQABiABDIHCAUQABiABDIHCAYQABiABDIHCAcQABiABDIHCAgQABiABDIHCAkQABiABNIBCDE3NTJqMWo0qAIAsAIB&sourceid=chrome&ie=UTF-8,2025-03-14 15:51:32,15
2025-03-14 15:52:27,https://console.mistral.ai/usage,2025-03-14 15:52:27,15
2025-03-14 15:57:36,https://chat.openai.com/chat,2025-03-14 15:57:36,15
2025-03-14 15:57:36,https://chatgpt.com/chat,2025-03-14 15:57:36,15
2025-03-14 15:57:36,https://chatgpt.com/,2025-03-14 15:57:36,15
2025-03-14 15:57:40,https://chatgpt.com/?model=gpt-4o,2025-03-14 15:57:40,15
2025-03-14 15:58:52,https://chatgpt.com/c/67d4b4ab-1ff4-800e-98ce-d98566810060,2025-03-14 15:58:52,15
2025-03-14 16:05:29,https://chatgpt.com/g/g-p-6784247566d88191aad4df20ccfc0b71-diet-gpt/project,2025-03-14 16:05:29,16
2025-03-14 16:05:31,https://chatgpt.com/g/g-p-6765d163850481918deffc8a55faa5b1-job-search/project,2025-03-14 16:05:31,16
2025-03-14 16:05:33,https://chatgpt.com/g/g-p-6765d163850481918deffc8a55faa5b1-job-search/c/67b54301-4b44-800e-9fc6-74a8809f5a6c,2025-03-14 16:05:33,16
2025-03-14 16:05:54,https://chatgpt.com/c/67d4b4ab-1ff4-800e-98ce-d98566810060,2025-03-14 16:05:54,16
2025-03-14 16:07:13,https://platform.openai.com/playground?mode=complete,2025-03-14 16:07:13,16
2025-03-14 16:07:14,https://platform.openai.com/playground/complete?mode=complete,2025-03-14 16:07:14,16
2025-03-14 16:07:16,https://platform.openai.com/playground/complete?mode=complete&model=gpt-3.5-turbo-instruct,2025-03-14 16:07:16,16
2025-03-14 16:07:16,https://platform.openai.com/playground/assistants,2025-03-14 16:07:16,16
2025-03-14 16:07:18,https://platform.openai.com/playground/assistants?assistant=asst_oQUqZ2ll9WJJmOi6k0WEevLb,2025-03-14 16:07:18,16
2025-03-14 16:07:20,https://platform.openai.com/playground/prompts,2025-03-14 16:07:20,16
2025-03-14 16:07:20,https://platform.openai.com/playground/prompts?models=gpt-4o,2025-03-14 16:07:20,16
2025-03-14 16:07:33,https://platform.openai.com/playground/assistants,2025-03-14 16:07:33,16
2025-03-14 16:07:34,https://platform.openai.com/playground/assistants?assistant=asst_oQUqZ2ll9WJJmOi6k0WEevLb,2025-03-14 16:07:34,16
2025-03-14 16:07:41,https://platform.openai.com/playground/assistants?assistant=asst_CzdjFjJPQBL7VlqW9nC1noJf,2025-03-14 16:07:41,16
2025-03-14 16:09:07,https://platform.openai.com/playground/assistants?assistant=asst_CzdjFjJPQBL7VlqW9nC1noJf&thread=thread_PK01QQaQRqyxau23WQvXRVA1,2025-03-14 16:09:07,16
2025-03-14 16:09:08,https://platform.openai.com/playground/assistants?assistant=asst_CzdjFjJPQBL7VlqW9nC1noJf&thread=thread_PK01QQaQRqyxau23WQvXRVA1,2025-03-14 16:09:08,16
2025-03-14 16:09:45,https://platform.openai.com/playground/assistants?assistant=asst_CzdjFjJPQBL7VlqW9nC1noJf,2025-03-14 16:09:45,16
2025-03-14 16:09:48,https://platform.openai.com/playground/assistants?assistant=asst_CzdjFjJPQBL7VlqW9nC1noJf&thread=thread_VdMKqZfhLH6CQndixGYzZUb8,2025-03-14 16:09:48,16
2025-03-14 16:09:49,https://platform.openai.com/playground/assistants?assistant=asst_CzdjFjJPQBL7VlqW9nC1noJf&thread=thread_VdMKqZfhLH6CQndixGYzZUb8,2025-03-14 16:09:49,16
2025-03-14 16:10:45,https://platform.openai.com/playground/assistants?assistant=asst_CzdjFjJPQBL7VlqW9nC1noJf,2025-03-14 16:10:45,16
2025-03-14 16:11:03,https://platform.openai.com/playground/assistants?assistant=asst_CzdjFjJPQBL7VlqW9nC1noJf&thread=thread_kIosaEkQzDY1NbzZwJWawSG7,2025-03-14 16:11:03,16
2025-03-14 16:11:04,https://platform.openai.com/playground/assistants?assistant=asst_CzdjFjJPQBL7VlqW9nC1noJf&thread=thread_kIosaEkQzDY1NbzZwJWawSG7,2025-03-14 16:11:04,16
2025-03-14 16:13:55,https://platform.openai.com/playground/assistants?assistant=asst_CzdjFjJPQBL7VlqW9nC1noJf,2025-03-14 16:13:55,16
2025-03-14 16:13:57,https://platform.openai.com/playground/assistants?assistant=asst_CzdjFjJPQBL7VlqW9nC1noJf&thread=thread_Q6coAqsYOOsjx3WD9SaFL5PY,2025-03-14 16:13:57,16
2025-03-14 16:13:59,https://platform.openai.com/playground/assistants?assistant=asst_CzdjFjJPQBL7VlqW9nC1noJf&thread=thread_Q6coAqsYOOsjx3WD9SaFL5PY,2025-03-14 16:13:59,16
2025-03-14 16:16:13,https://platform.openai.com/playground/assistants?assistant=asst_CzdjFjJPQBL7VlqW9nC1noJf,2025-03-14 16:16:13,16
2025-03-14 16:16:15,https://platform.openai.com/playground/assistants?assistant=asst_CzdjFjJPQBL7VlqW9nC1noJf&thread=thread_9eN9CDnlVEQRTFlTLQ2rBgN4,2025-03-14 16:16:15,16
2025-03-14 16:16:16,https://platform.openai.com/playground/assistants?assistant=asst_CzdjFjJPQBL7VlqW9nC1noJf&thread=thread_9eN9CDnlVEQRTFlTLQ2rBgN4,2025-03-14 16:16:16,16
2025-03-14 16:18:47,https://platform.openai.com/playground/assistants?assistant=asst_CzdjFjJPQBL7VlqW9nC1noJf,2025-03-14 16:18:47,16
2025-03-14 16:18:49,https://platform.openai.com/playground/assistants?assistant=asst_CzdjFjJPQBL7VlqW9nC1noJf&thread=thread_UTlR0Hrbz6rFQyncGhd2uECw,2025-03-14 16:18:49,16
2025-03-14 16:18:50,https://platform.openai.com/playground/assistants?assistant=asst_CzdjFjJPQBL7VlqW9nC1noJf&thread=thread_UTlR0Hrbz6rFQyncGhd2uECw,2025-03-14 16:18:50,16
2025-03-14 16:19:40,https://platform.openai.com/playground/assistants?assistant=asst_CzdjFjJPQBL7VlqW9nC1noJf,2025-03-14 16:19:40,16
2025-03-14 16:19:43,https://platform.openai.com/playground/assistants?assistant=asst_CzdjFjJPQBL7VlqW9nC1noJf&thread=thread_XJKhCh5CrsNEYaB4mBKz9k7Z,2025-03-14 16:19:43,16
2025-03-14 16:19:44,https://platform.openai.com/playground/assistants?assistant=asst_CzdjFjJPQBL7VlqW9nC1noJf&thread=thread_XJKhCh5CrsNEYaB4mBKz9k7Z,2025-03-14 16:19:44,16
2025-03-14 16:20:27,https://platform.openai.com/playground/assistants?assistant=asst_CzdjFjJPQBL7VlqW9nC1noJf,2025-03-14 16:20:27,16
2025-03-14 16:20:28,https://platform.openai.com/playground/assistants?assistant=asst_CzdjFjJPQBL7VlqW9nC1noJf&thread=thread_hxGGg4R7dtY5L0q8QWcUFNuw,2025-03-14 16:20:28,16
2025-03-14 16:20:29,https://platform.openai.com/playground/assistants?assistant=asst_CzdjFjJPQBL7VlqW9nC1noJf&thread=thread_hxGGg4R7dtY5L0q8QWcUFNuw,2025-03-14 16:20:29,16
2025-03-14 16:22:06,https://platform.openai.com/playground/assistants?assistant=asst_CzdjFjJPQBL7VlqW9nC1noJf,2025-03-14 16:22:06,16
2025-03-14 16:22:08,https://platform.openai.com/playground/assistants?assistant=asst_CzdjFjJPQBL7VlqW9nC1noJf&thread=thread_n8em7wtKQqXtUBPqkvqCLQ6k,2025-03-14 16:22:08,16
2025-03-14 16:22:10,https://platform.openai.com/playground/assistants?assistant=asst_CzdjFjJPQBL7VlqW9nC1noJf&thread=thread_n8em7wtKQqXtUBPqkvqCLQ6k,2025-03-14 16:22:10,16
2025-03-14 16:22:26,https://platform.openai.com/playground/assistants?assistant=asst_CzdjFjJPQBL7VlqW9nC1noJf,2025-03-14 16:22:26,16
2025-03-14 16:22:29,https://platform.openai.com/playground/assistants?assistant=asst_CzdjFjJPQBL7VlqW9nC1noJf&thread=thread_vSbuHiG58m5vfNZbAtVIjZp6,2025-03-14 16:22:29,16
2025-03-14 16:22:30,https://platform.openai.com/playground/assistants?assistant=asst_CzdjFjJPQBL7VlqW9nC1noJf&thread=thread_vSbuHiG58m5vfNZbAtVIjZp6,2025-03-14 16:22:30,16
2025-03-14 16:22:44,https://platform.openai.com/playground/assistants?assistant=asst_CzdjFjJPQBL7VlqW9nC1noJf,2025-03-14 16:22:44,16
2025-03-14 16:22:46,https://platform.openai.com/playground/assistants?assistant=asst_CzdjFjJPQBL7VlqW9nC1noJf&thread=thread_DiG1uZ9MFBQqsSffk3qEreXm,2025-03-14 16:22:46,16
2025-03-14 16:22:46,https://platform.openai.com/playground/assistants?assistant=asst_CzdjFjJPQBL7VlqW9nC1noJf&thread=thread_DiG1uZ9MFBQqsSffk3qEreXm,2025-03-14 16:22:46,16
2025-03-14 16:23:10,https://platform.openai.com/playground/assistants?assistant=asst_CzdjFjJPQBL7VlqW9nC1noJf,2025-03-14 16:23:10,16
2025-03-14 16:23:13,https://platform.openai.com/playground/assistants?assistant=asst_CzdjFjJPQBL7VlqW9nC1noJf&thread=thread_HPBnZN5oZPEyQtKE1Fpqy2K7,2025-03-14 16:23:13,16
2025-03-14 16:23:14,https://platform.openai.com/playground/assistants?assistant=asst_CzdjFjJPQBL7VlqW9nC1noJf&thread=thread_HPBnZN5oZPEyQtKE1Fpqy2K7,2025-03-14 16:23:14,16
2025-03-14 16:23:24,https://console.mistral.ai/usage,2025-03-14 16:23:24,16
2025-03-14 16:23:36,https://console.mistral.ai/usage/completion/mistral-large-2411/03/2025,2025-03-14 16:23:36,16
2025-03-14 16:23:39,https://console.mistral.ai/usage,2025-03-14 16:23:39,16
2025-03-14 16:23:39,https://console.mistral.ai/usage,2025-03-14 16:23:39,16
2025-03-14 16:24:01,https://platform.openai.com/playground/assistants?assistant=asst_CzdjFjJPQBL7VlqW9nC1noJf,2025-03-14 16:24:01,16
2025-03-14 16:24:05,https://platform.openai.com/playground/assistants?assistant=asst_CzdjFjJPQBL7VlqW9nC1noJf&thread=thread_RSqdTejEPXSRgy46L9E1Z8XK,2025-03-14 16:24:05,16
2025-03-14 16:24:06,https://platform.openai.com/playground/assistants?assistant=asst_CzdjFjJPQBL7VlqW9nC1noJf&thread=thread_RSqdTejEPXSRgy46L9E1Z8XK,2025-03-14 16:24:06,16
2025-03-14 16:25:44,https://chatgpt.com/g/g-p-67805a1c0f6c8191924a4b8dac612600-cary-and-zeke-care-plan/project,2025-03-14 16:25:44,16
2025-03-14 16:25:46,https://chatgpt.com/g/g-p-67805a1c0f6c8191924a4b8dac612600-cary-and-zeke-care-plan/c/c7183b60-9948-4b4b-a2d8-bc178e4104ff,2025-03-14 16:25:46,16
2025-03-14 16:26:01,https://chatgpt.com/c/67b54301-4b44-800e-9fc6-74a8809f5a6c,2025-03-14 16:26:01,16
2025-03-14 16:26:03,https://chatgpt.com/c/67be0200-a3b4-800e-b235-f0cbfc876efd,2025-03-14 16:26:03,16
2025-03-14 16:26:09,https://chatgpt.com/c/67bbd5ba-bf20-800e-91e7-90f1e5498fae,2025-03-14 16:26:09,16
2025-03-14 16:26:15,https://chatgpt.com/g/g-p-6765d163850481918deffc8a55faa5b1-job-search/project,2025-03-14 16:26:15,16
2025-03-14 16:26:17,https://chatgpt.com/c/67bbd5ba-bf20-800e-91e7-90f1e5498fae,2025-03-14 16:26:17,16
2025-03-14 16:26:25,https://chatgpt.com/c/67d45018-5674-800e-ba0b-f5f541d22bff,2025-03-14 16:26:25,16
2025-03-14 16:26:36,https://chatgpt.com/c/67ca0681-6980-800e-b61d-a6ac8cf1b574,2025-03-14 16:26:36,16
2025-03-14 16:26:46,https://chatgpt.com/c/67c8a8aa-bcb8-800e-b449-0c9a90937b19,2025-03-14 16:26:46,16
2025-03-14 16:27:52,https://platform.openai.com/playground/assistants?assistant=asst_CzdjFjJPQBL7VlqW9nC1noJf,2025-03-14 16:27:52,16
2025-03-14 16:27:57,https://platform.openai.com/playground/assistants?assistant=asst_CzdjFjJPQBL7VlqW9nC1noJf&thread=thread_qesxpM6gfWyx3SFuIxx1zOdK,2025-03-14 16:27:57,16
2025-03-14 16:27:58,https://platform.openai.com/playground/assistants?assistant=asst_CzdjFjJPQBL7VlqW9nC1noJf&thread=thread_qesxpM6gfWyx3SFuIxx1zOdK,2025-03-14 16:27:58,16
2025-03-14 16:36:17,https://console.mistral.ai/build/batches,2025-03-14 16:36:17,16
2025-03-14 16:36:29,https://console.mistral.ai/build/datasets,2025-03-14 16:36:29,16
2025-03-14 16:36:32,https://console.mistral.ai/build/finetuned-models,2025-03-14 16:36:32,16
2025-03-14 16:36:33,https://console.mistral.ai/build/agents,2025-03-14 16:36:33,16
2025-03-14 16:36:38,https://console.mistral.ai/usage,2025-03-14 16:36:38,16
2025-03-14 16:36:42,https://console.mistral.ai/usage/completion/mistral-large-2411/03/2025,2025-03-14 16:36:42,16
2025-03-14 16:36:45,https://console.mistral.ai/home,2025-03-14 16:36:45,16
2025-03-14 16:42:28,https://platform.openai.com/playground/assistants?assistant=asst_CzdjFjJPQBL7VlqW9nC1noJf,2025-03-14 16:42:28,16
2025-03-14 16:42:41,https://messages.google.com/web/conversations,2025-03-14 16:42:41,16
2025-03-14 16:42:49,https://chatgpt.com/?model=gpt-4,2025-03-14 16:42:49,16
2025-03-14 16:42:52,https://chatgpt.com/c/67d4b4ab-1ff4-800e-98ce-d98566810060,2025-03-14 16:42:52,16
2025-03-14 16:43:08,https://platform.openai.com/playground/assistants?assistant=asst_CzdjFjJPQBL7VlqW9nC1noJf&thread=thread_8n0XPvHHG2y6uVD0zzBiCP0s,2025-03-14 16:43:08,16
2025-03-14 16:43:10,https://platform.openai.com/playground/assistants?assistant=asst_CzdjFjJPQBL7VlqW9nC1noJf&thread=thread_8n0XPvHHG2y6uVD0zzBiCP0s,2025-03-14 16:43:10,16